prediction_0_for_<=50K_1_for_>50K,target
0.41452652,1
0.16475034,0
0.6360255,0
0.99899274,1
0.06660352,0
0.9979366,1
0.18578292,1
0.032056022,0
0.03463104,0
0.16258535,0
0.26623523,0
0.054734856,0
0.9969151,1
0.6495848,1
0.012652512,0
0.36711016,1
0.35003778,1
0.53296494,1
0.007079897,0
0.007073159,0
0.007592654,0
0.0054154433,0
0.045982532,0
0.027062414,0
0.0026163966,0
0.5043318,0
0.9628893,1
0.53068197,1
0.011251073,0
0.341453,0
0.0004154833,0
0.043592177,0
0.22813481,0
0.00026902888,0
0.0003278386,0
0.18332544,0
0.0003967049,0
0.47439343,1
0.17665574,0
0.10413727,0
0.27851364,0
0.0008879445,0
0.68962985,0
0.09760448,1
0.027590707,0
0.30622077,1
0.019663515,0
0.08328493,1
0.004820865,0
0.00017825906,0
0.00082645053,0
0.002955409,0
0.014459264,0
0.005966869,0
0.057126135,0
0.02248928,0
0.010624286,0
0.14722954,0
0.026180074,0
0.03702551,0
0.020943541,0
0.04444177,0
0.0013011749,0
0.56116533,1
0.67537993,1
0.013312027,0
0.9973507,1
0.23712942,1
0.13051765,0
0.051083554,0
0.36996967,1
0.32087004,0
0.06365548,0
0.67045957,1
0.0007289182,0
0.117980205,0
0.012267046,0
0.05149219,0
0.0107599795,0
0.6977643,0
0.00015456516,0
0.05842315,0
0.07434391,0
0.0021887263,0
0.00026789142,0
0.99704295,1
0.38706246,1
0.004203481,0
0.19874193,1
0.020651914,0
0.7419681,0
0.041739527,0
0.51271427,1
0.0947312,1
0.0013691684,0
0.47958487,1
0.25000286,0
0.42163098,0
0.93042743,1
0.05621829,0
0.37021074,1
0.0008837807,0
0.04845263,0
0.37103516,0
0.001179219,0
0.47025037,1
0.00054493605,0
0.5512009,0
0.27728796,0
0.28141683,1
0.97558993,1
0.9984591,1
0.001962642,0
0.055850457,0
0.00071055256,0
0.2960049,0
0.9985543,1
0.0022162916,0
0.07191816,0
0.6898683,1
0.11952066,0
0.094610594,0
0.0075444267,0
0.35029727,1
0.010581746,0
0.009510077,0
0.05559858,0
0.6118592,1
0.014119366,0
0.0025845524,0
0.18902168,1
0.06533165,0
0.10651139,0
0.05441027,0
0.003313575,0
0.21333954,0
0.7452413,1
0.7320455,1
0.021837987,0
0.7701153,1
0.19835593,0
0.7594148,1
0.06036383,0
0.09944399,0
0.09933618,0
0.06946078,0
0.99887365,1
0.28094536,0
0.0008690846,0
0.05575246,1
0.7873356,1
0.011467526,0
0.004506003,0
0.00028322914,0
0.36649525,1
0.0035263814,0
0.012086326,0
0.20078535,0
0.0003976439,0
0.0016858734,0
0.033498723,1
0.4202461,0
0.26594183,1
0.35253847,1
0.024247132,0
0.3492699,1
0.16733907,0
0.62309706,1
0.016083054,0
0.08309987,0
0.32031265,1
0.6987757,1
0.04645055,0
0.004631529,0
0.24122652,0
0.03340832,1
0.0008577343,0
0.3854189,1
0.03563,0
0.7922096,1
0.00067200913,0
0.196048,0
0.036047,0
0.2568476,0
0.021393282,0
0.046321448,0
0.012039904,0
0.9026708,1
0.005530083,0
0.9966273,1
0.7709503,1
0.7897758,1
0.37049034,0
0.17247769,1
0.6080025,1
0.18770407,1
0.9881146,1
0.0026405123,0
0.8227469,1
0.017754119,0
0.79937947,0
0.06615083,0
0.01077013,0
0.06424881,0
0.99917954,1
0.18065722,0
0.16470271,0
0.017588366,0
0.015664471,0
0.041882265,0
0.015294055,0
0.049396545,0
0.0004999938,0
0.16599771,0
0.0050168065,0
0.0024422992,0
0.5881864,0
0.047945913,0
0.0031357508,0
0.027397254,0
0.08446456,0
0.12624761,0
0.22149548,1
0.059960004,0
0.76820076,1
0.074211635,0
0.017270507,0
0.49532336,0
0.07665712,0
0.37945187,0
0.6459655,0
0.43470177,0
0.21954203,0
0.086396545,0
0.10847266,0
0.17783456,0
0.4961942,0
0.100640975,1
0.04971176,0
0.9984571,1
0.18997008,1
0.5303546,1
0.49323156,1
0.0065426514,0
0.03299108,0
0.5676269,1
0.008155041,0
0.9988644,1
0.0062969876,0
0.063072115,0
0.008721405,0
0.087462306,0
9.8047414e-05,0
0.043940857,0
0.113737844,1
0.8478353,0
0.4868311,0
0.43647563,1
0.21683112,1
0.013926915,0
0.02539546,0
0.20490538,1
0.011011072,0
0.011596678,0
0.073841006,0
0.48559484,1
0.23010992,1
0.18036425,0
0.13768248,0
0.00035821323,0
0.4059065,1
0.17101815,0
0.0006820211,0
0.016834896,0
0.65065575,1
0.011131662,0
0.17543852,1
0.4929563,0
0.0064625563,0
0.9963133,1
0.14925778,0
0.41304415,1
0.003723702,0
0.0034412863,0
0.040985387,0
0.46788546,0
0.18997008,0
0.20497659,0
0.18970416,0
0.99314535,1
0.03448222,0
0.08242646,0
0.047604725,0
0.00020252686,0
0.20138167,1
0.9959215,1
0.015215504,0
0.00037400593,0
0.47390833,1
0.21789351,0
0.00047882117,0
0.7462509,1
0.32090652,0
0.023255395,0
0.99687433,1
0.0007148992,0
0.13740496,1
0.28540727,1
0.0066752234,0
0.64735335,1
0.35783708,0
0.049928345,0
0.0150144445,0
0.0057869973,0
0.69517094,1
0.73661655,0
0.789048,1
0.01945829,0
0.0020237262,0
0.63384235,1
0.9991093,1
0.15942481,1
0.001543545,0
0.03821726,0
0.0001667755,0
0.043209508,0
0.046474025,0
0.99518234,1
0.0015200003,0
0.00059042504,0
0.004458919,0
0.19732486,0
0.026715957,0
0.00038719532,0
0.22180715,1
0.8745518,1
0.07454114,1
0.03163489,0
0.025741454,0
0.00090587715,0
0.25658226,0
0.15196045,0
0.66253513,0
0.28075153,0
0.2612869,1
0.9982785,1
0.26990747,0
0.57716495,0
0.021953348,0
0.00016312294,0
0.020046204,0
0.33119875,0
0.19771624,0
0.73149425,1
0.0018414248,0
0.83378446,0
0.6493455,1
0.00042551546,0
0.99444604,1
0.92977166,1
0.38819486,0
0.008631997,0
0.7135585,1
0.002177503,0
0.41335812,1
0.011405439,0
0.80924386,1
0.044025473,0
0.33296746,0
0.03891876,0
0.26962918,1
0.089503475,0
0.42743427,0
0.51673436,0
0.69881123,0
0.5089687,0
0.5758477,1
0.0033152022,0
0.008028405,0
0.009641403,0
0.5581365,1
0.3064814,0
0.01881868,0
0.7499248,1
0.00083837315,0
0.34833306,0
0.7044954,1
0.03140179,0
0.21533614,0
0.012464564,0
0.020581806,0
0.0022141363,0
0.120614454,0
0.00032841516,0
0.26460245,0
0.8719116,1
0.01167414,0
0.004572399,0
0.020702742,0
0.3637249,0
0.20623626,0
0.9971373,1
0.010183121,0
0.97504866,1
0.0034466654,0
0.4156722,0
0.0020990737,0
0.0026952636,0
0.0056517264,0
0.0030476395,0
0.47669083,0
0.59504914,1
0.023807187,0
0.018794782,0
0.08484521,0
0.0019802097,0
0.8714375,1
0.48239833,1
0.2898183,0
0.83314246,1
0.0009737743,0
0.0005382167,0
0.7751021,1
0.00040289387,0
0.80368257,1
0.07140948,0
0.6641533,1
0.9987863,1
0.027138585,0
0.78019875,1
0.47853622,0
0.011188524,0
0.0044244654,0
0.116105504,0
0.002736104,0
0.0005680364,0
0.78699476,1
0.009662808,0
0.9989517,1
0.7319787,0
0.9944239,1
0.0005430055,0
0.6426305,1
0.19328795,0
0.00030681558,0
0.20175913,1
0.99904364,1
0.9661918,1
0.09234289,0
0.010620146,0
0.13849601,0
0.19490956,1
0.44207144,1
0.0078107542,0
0.24494833,0
0.90211046,0
0.43932524,1
0.030474214,0
0.0052031497,0
0.05148204,0
0.80822235,0
0.016623301,0
0.0007611793,0
0.74393445,1
0.99852186,1
0.025669638,0
0.4388056,0
0.035314918,0
0.0071660546,0
0.0007132581,0
0.00016430965,0
0.33423358,0
0.008509891,0
0.030100401,0
0.030146785,0
0.9863923,1
0.019436704,0
0.7787419,1
0.0009966799,0
0.7524422,1
0.022399401,0
0.00019715946,0
0.049590494,0
0.042310126,0
0.993168,1
0.01601041,0
0.015362752,0
0.036639277,0
0.99282914,1
0.17011383,0
0.057190567,0
0.0046683764,0
0.7645222,1
0.1008918,0
0.16163503,0
0.022967465,0
0.012409133,0
0.06456107,0
0.6936929,1
0.24630395,0
0.001277371,0
0.24456437,0
0.0049340203,0
0.0012851052,0
0.08702146,0
0.014000979,0
0.047262575,0
0.01799948,0
0.04052508,0
0.13407175,1
0.20303124,1
0.38341522,0
0.83392835,1
0.20163842,0
0.50913376,1
0.87106836,0
0.007249111,0
0.46825585,1
0.0011511681,0
0.9577665,1
0.013716809,0
0.015137551,0
0.81089985,0
0.5469794,1
0.00016872288,0
0.016962148,0
0.019232996,0
0.3977881,0
0.0028010777,0
0.28253025,0
0.47845674,1
0.17487678,0
0.6490447,1
0.045018844,0
0.0038054774,0
0.020844325,0
0.013145869,0
0.10743754,0
0.7381027,0
0.74890035,1
0.1912977,0
0.0020802806,0
0.018900927,0
0.06291086,0
0.62633264,0
0.00020230471,0
0.05086963,0
0.23551069,0
0.0107112415,0
0.07635808,0
0.07562541,0
0.16953415,0
0.013487854,0
0.6100292,0
0.10049332,0
0.00029169107,0
0.25922468,1
0.076170094,0
0.4557837,1
0.17516509,0
0.00016621097,0
0.99010086,1
0.011045652,0
0.1020792,1
0.041656412,0
0.08661603,0
0.15133984,1
0.0008787689,0
0.26961982,0
0.22906148,0
0.33687174,0
0.26000804,0
0.6255833,0
0.0977372,0
0.007923085,0
0.039625745,0
0.048976965,0
0.7929923,1
0.0024552273,0
0.13326836,0
0.038738843,0
0.057428665,0
0.53864026,0
0.202763,0
0.6451882,1
0.047807757,0
0.011811334,0
0.0054298136,0
0.08860866,0
0.013321267,0
0.05679657,0
0.037015032,0
0.013375641,0
0.00022505771,0
0.0022371972,0
0.99778926,1
0.013672188,0
0.025978517,0
0.7948464,0
0.13475989,1
0.04399564,0
0.006264456,0
0.8107428,0
0.9973123,1
0.28529593,0
0.10184168,0
0.185685,0
0.070990145,0
0.01645796,0
0.3399142,1
0.62610066,1
0.091862865,0
0.97664225,1
0.2329939,0
0.99839103,1
0.0035660926,0
0.0002497587,0
0.6906751,1
0.5203792,0
0.00033619633,0
0.002006712,0
0.2841804,1
0.66007876,1
0.9983188,1
0.020023245,0
0.14452392,0
0.00087729725,0
0.07755944,0
0.0006863951,0
0.00025502927,0
0.19083291,0
0.56996703,0
0.69403493,1
0.011722748,0
0.09842537,0
0.6602038,1
0.017505595,0
0.0037915257,0
0.27575126,1
0.2068167,0
0.26451454,0
0.03030565,0
0.0028504857,0
0.21439396,0
0.7265294,1
0.0029746662,0
0.335949,1
0.68465453,0
0.00050695695,0
0.4645341,0
0.109871864,1
0.0075472123,0
0.20054327,0
0.6722523,0
0.34209698,1
0.24612156,0
0.94120467,1
0.05577399,0
0.0060979524,0
0.48420793,0
0.52376264,1
0.274479,1
0.044174563,0
0.24454683,0
0.027556524,0
0.88592476,1
0.021295192,0
0.0015781793,0
0.99702495,1
0.11373299,0
0.0017963252,0
0.1259346,0
0.05399896,0
0.8615686,1
0.81897646,1
0.23876856,0
0.033748027,0
0.00043623976,0
0.00023077345,0
0.25234455,0
0.27810088,1
0.007286911,0
0.05932099,1
0.14830688,0
0.45468652,1
0.21064784,0
0.051357694,0
0.021901788,0
0.9069436,1
0.0031572266,0
0.22924224,1
0.0106495,0
0.99014825,1
0.0059818095,0
0.6236645,0
0.0012694249,0
0.01666726,0
0.99730766,1
0.008400882,0
0.5203973,1
0.8631461,1
0.02992286,0
0.59548455,0
0.54751474,1
0.1323857,0
0.02291306,0
0.38888323,1
0.7799421,0
0.21558543,0
0.02080383,0
0.4771757,1
0.6113552,0
0.91406316,1
0.21897925,0
0.040411074,0
0.0016906222,0
0.001379848,0
0.00015515789,0
0.0062685036,0
0.0008854733,0
0.9933962,1
0.22103283,1
0.23561235,0
0.53506756,0
0.000334133,0
0.025538543,0
0.017249454,0
0.017000204,0
0.010607367,0
0.02284955,0
0.06703107,0
0.7752262,1
0.00070586114,0
0.030247258,0
0.040902674,0
0.09701284,1
0.1458042,0
0.70496064,1
0.60247475,1
0.0700813,0
0.17251489,0
0.90281534,1
0.48808944,1
0.087103635,0
0.007827752,0
0.016748166,0
0.20311293,0
0.002459481,0
0.0051620053,0
0.19656622,0
0.025545513,0
0.27624992,0
0.05964407,0
0.017755333,0
0.022213385,0
0.003191157,0
0.028123321,0
0.18677042,0
0.99863416,1
0.5731773,0
0.587753,0
0.92903507,1
0.03772725,0
0.7933143,1
0.50459796,1
0.004233752,0
0.0023889565,0
0.0016055584,0
0.004233752,0
0.003514418,0
0.5457569,1
0.011753958,0
0.0035216107,0
0.0009507196,0
0.00012386187,0
0.09424037,0
0.004988377,0
0.001062931,0
0.65200895,1
0.00040977195,0
0.10544759,0
0.0070550344,0
0.009960052,0
0.27084488,1
0.81779164,1
0.009320367,0
0.9260057,1
0.0100715095,0
0.000420571,0
0.5155202,0
0.21051905,0
0.79028356,0
0.0012144576,0
0.009318219,0
0.0152827995,0
0.006696599,0
0.99929464,1
0.026070904,0
0.016264943,0
0.018140256,0
0.99693406,1
0.016817013,0
0.18778998,0
0.39381897,1
0.0016613702,0
0.0040200013,0
0.00014364273,0
0.029259073,0
0.017111266,0
0.20066638,0
0.046711706,0
0.40127397,0
0.00013036007,0
0.010558621,0
0.044620845,0
0.0015299115,0
0.00037137023,0
0.009631255,0
0.11050932,0
0.0006122181,0
0.5535423,0
0.2295456,0
0.30089414,1
0.05896343,0
0.09226049,0
0.799288,1
0.002340962,0
0.310111,1
0.25174227,1
0.7708331,0
0.0012584591,0
0.12250072,1
0.3107153,0
0.0076170173,0
0.48420793,1
0.08283834,0
0.00033406864,0
0.7200614,1
0.0004925686,0
0.00077052263,0
0.0109461825,0
0.016006399,0
0.45684502,1
0.21921295,0
0.010711631,0
0.0012317443,0
0.8795602,1
0.74042857,1
0.15044832,0
0.060779445,0
0.9993187,1
0.03379699,0
0.16457911,0
0.05629278,0
0.0029615345,0
0.0061722347,0
0.5206978,0
0.015207626,0
0.67403173,0
0.0055924384,0
0.43328145,0
0.19351201,1
0.9846563,1
0.00048232946,0
0.0039841826,0
0.9989102,1
0.1666671,0
0.0017716374,0
0.998487,1
0.09107476,0
0.685139,1
0.29816145,1
0.8033213,1
0.0012554493,0
0.08572176,1
0.33489314,0
0.8593587,1
0.0037254165,0
0.85402423,1
0.20415685,0
0.020036789,0
0.7842206,1
0.000121701116,0
0.010751009,0
0.14426386,0
0.003343695,0
0.034581352,0
0.002347029,0
0.5999466,1
0.0014427601,0
0.1837226,0
0.60522074,1
0.67704666,1
0.068766326,0
0.28780687,0
0.00042681996,0
0.0038628408,0
0.21738318,0
0.013639625,0
0.0005800768,0
0.17345376,0
0.00028063662,0
0.937949,1
0.0041220617,0
0.11226409,0
0.1618471,1
0.009178082,0
0.075158834,0
0.0161126,0
0.01804213,0
0.6344292,1
0.011605602,0
0.0036807866,0
0.10821509,0
0.032297064,0
0.100242555,0
0.5046966,1
0.043904915,0
0.99096054,1
0.00097293546,0
0.11508664,1
0.99896824,1
0.35217482,0
0.022105943,0
0.2335793,0
0.3101565,0
0.112280555,1
0.0014963654,0
0.7547621,1
0.46877348,1
0.4046108,0
0.006815528,0
0.000632815,0
0.11372405,1
0.026240664,0
0.020690827,0
0.0028903822,0
0.16914652,0
0.5238949,0
0.0065412666,0
0.60698086,0
0.36852714,0
0.06620858,0
0.09236671,0
0.042551335,0
0.12189412,0
0.056071695,0
0.009917293,0
0.9954405,1
0.0002901401,0
0.00022505771,0
0.44835868,0
0.00669789,0
0.16544715,0
0.0028760866,0
0.00040307193,0
0.0063377116,0
0.106463574,0
0.22802252,0
0.0010421838,0
0.016648209,0
0.00021750854,0
0.8359314,1
0.018411022,0
0.38245627,0
0.9863165,1
0.12744576,0
0.7172796,1
0.5156994,1
0.0012945666,0
0.017322296,0
0.72821885,1
0.58399224,1
0.025221005,0
0.38341522,1
0.2783359,0
0.49416214,0
0.3276703,1
0.052390974,0
0.7645931,1
0.006523754,0
0.01562454,0
0.38341522,0
0.9953654,1
0.39407882,0
0.005554661,0
0.66148114,1
0.9919784,1
0.039867375,0
0.004215882,0
0.2460728,0
0.031677827,0
0.0446377,0
0.029397417,0
0.86893106,1
0.9966916,1
0.015203064,0
0.045705266,0
0.6753882,1
0.0125586735,0
0.0049936315,0
0.04774733,0
0.54711854,1
0.10477174,0
0.0039708363,0
0.0019496667,0
0.1883569,0
0.0023896454,0
0.32825416,0
0.16218507,0
0.5778649,0
0.00030416087,0
0.2861786,0
0.07981862,0
0.119552396,0
0.032026224,0
0.74392647,1
0.0009948082,0
0.7966751,1
0.16060986,0
0.38328218,0
0.7520046,1
0.029695772,0
0.007803803,0
0.0008602594,0
0.8020434,1
0.8151841,1
0.018243317,0
0.0020713934,0
0.0035430507,0
0.9822191,1
0.03613711,0
0.04902568,0
0.48864263,1
0.19908893,0
0.23518951,0
0.3559701,0
0.3486155,0
0.7710493,0
0.0034526752,0
0.17100632,1
0.032152764,0
0.92980534,0
0.018925268,0
0.534605,0
0.0067966306,0
0.01105092,0
0.17152435,0
0.14204733,0
0.38059008,0
0.9865329,1
0.02382606,0
0.11682025,0
0.0020798598,0
0.0049866824,0
0.14760217,0
0.0070059113,0
0.02747436,1
0.008405928,0
0.2665099,0
0.032852877,0
0.19494088,0
0.99777395,1
0.0009368048,0
0.55866003,1
0.07409258,1
0.047357794,0
0.07837942,0
0.04635362,0
0.018824246,0
0.19817974,1
0.00034488112,0
0.12689961,0
0.17217281,0
0.6575852,1
0.52468824,0
0.25712812,0
0.035557773,0
0.42999366,1
0.08465179,0
0.13816161,0
0.03004641,0
0.39698398,0
0.019834721,0
0.20375718,0
0.053469487,0
0.3159925,1
0.076243296,0
0.029070716,0
0.99891746,1
0.005691892,0
0.0025637702,0
0.032351226,0
0.0028647727,0
0.0069050314,0
0.14912392,0
0.00016095108,0
0.02403579,0
0.0002569109,0
0.10083754,1
0.021034095,0
0.43098032,0
0.30435392,0
0.16021927,1
0.02922453,0
0.7983744,1
0.21158253,1
0.114632644,0
0.6687459,0
0.14057928,0
0.665577,1
0.0017820293,0
0.002867899,0
0.015235302,0
0.0009343561,0
0.009480894,0
0.1932612,0
0.12844403,0
0.004275437,0
0.24830474,0
0.00039644196,0
0.087709524,0
0.007885245,0
0.72347087,1
0.0020363252,0
0.00037713928,0
0.43576097,1
0.0042054076,0
0.74160427,1
0.08546492,0
0.031189358,0
0.07935838,0
0.35364243,1
0.14397205,0
0.0009679151,0
0.040665973,0
0.041493602,0
0.0007031263,0
0.001111042,0
0.9987006,1
0.327318,0
0.11274024,0
0.39858526,1
0.042814583,0
0.10114436,1
0.8445967,1
0.181901,0
0.000284204,0
0.090577014,0
0.34496534,0
0.08865478,1
0.9962047,1
0.021109682,0
0.0005382167,0
0.5234151,1
0.00032993246,0
0.9868515,1
0.99412847,1
0.044113174,0
0.004252218,0
0.5062816,0
0.6426305,0
0.02822943,0
0.009955947,0
0.12961817,0
0.012459289,0
0.26617935,0
0.7871611,1
0.6761195,1
0.36307067,0
0.00033572887,0
0.0035603584,0
0.017312381,0
0.42869264,1
0.15917797,0
0.54714555,0
0.011047018,0
0.17061391,0
0.79023707,0
0.24105074,0
0.50017804,1
0.27561432,0
0.5826491,1
0.80853105,1
0.5420587,1
0.0090692025,0
0.009705378,0
0.06548093,0
0.47436962,1
0.02338102,0
0.011682792,0
0.26403496,0
0.005680076,0
0.012795548,0
0.0006616615,0
0.5916886,1
0.046451956,1
0.55430764,1
0.9924023,1
0.003470303,0
0.3531468,0
0.23155345,0
0.11928872,0
0.61243284,1
0.15183365,0
0.3041228,0
0.11584757,0
0.10059353,0
0.020241315,0
0.016450245,0
0.5967601,1
0.90201306,1
0.16859774,0
0.0106319515,0
0.56331307,0
0.0016373543,0
0.7911067,0
0.025045516,0
0.0060021104,0
0.9288467,1
0.052136425,0
0.09238956,0
0.00039352925,0
0.012904781,0
0.10040925,0
0.55189264,1
0.0039105234,0
0.0068060006,0
0.22760445,0
0.01921138,0
0.010245569,1
0.016043555,0
0.06924831,0
0.0060319216,0
0.22707579,0
0.9995937,1
0.0014505355,0
0.3588602,0
0.3037415,0
0.9984725,1
0.9376336,1
0.48825207,0
0.020915493,0
0.1785582,1
0.021654136,0
0.0066808094,0
0.14111038,1
0.014925189,0
0.75373244,1
0.0017470222,0
0.016385693,0
0.23655206,1
0.0012792149,0
0.9918282,1
0.42360896,0
0.03835537,0
0.017414453,0
0.043694634,1
0.00016326547,0
0.544396,1
0.05069972,0
0.0011622648,0
0.015384464,0
0.99370307,1
0.019387385,0
0.01736877,0
0.86311877,1
0.41975194,0
0.98241055,1
0.99749243,1
0.18716705,1
0.008728552,0
0.029960122,0
0.08063435,0
0.046041805,0
0.0013170394,0
0.004979091,0
0.002009748,0
0.13612986,0
0.18396871,0
0.10866124,0
0.4001459,0
0.0047497936,0
0.11897329,0
0.00026220633,0
0.030603984,0
0.0027447846,0
0.34751183,0
0.0023830656,0
0.7783396,1
0.034429945,0
0.0002275787,0
0.0073944237,0
0.0030816027,0
0.016932795,0
0.20425566,0
0.29835027,0
0.2688242,0
0.24920718,0
0.73341787,1
0.56085724,0
0.43527338,0
0.0070488714,0
0.65335244,0
0.5890294,0
0.99897206,1
0.8073489,0
0.7139549,0
0.7075582,1
0.19873254,1
0.02809277,0
0.041805904,0
0.023748573,0
0.24876629,1
0.011674146,0
0.040608846,0
0.057487555,0
0.35498962,0
0.008136899,0
0.0403864,0
0.4851339,0
0.06212619,1
0.034322836,0
0.7041346,0
0.008110531,0
0.6335738,1
0.14864624,0
0.03356662,0
0.40179473,1
0.57185584,0
0.082323626,0
0.994362,1
0.6185599,1
0.071408734,0
0.9990108,1
0.07006021,0
0.16659105,0
0.026519308,0
0.0007556839,0
0.008620702,0
0.45073184,0
0.497384,1
0.2177614,0
0.06722963,0
0.040772147,0
0.71817523,0
0.16744229,0
0.008720024,0
0.049463324,0
0.06802632,0
0.3004364,0
0.2512078,0
0.7145958,1
0.058218256,0
0.14558977,1
0.26747766,0
0.0003802396,0
0.29197782,0
0.0012243779,0
0.014296858,0
0.99815387,1
0.37981611,0
0.21070462,0
0.03332989,0
0.004700636,0
0.00027045596,0
0.8804244,0
0.13451256,0
0.016688772,0
0.0031789762,0
0.003660829,0
0.0021734445,0
0.29368293,0
0.08363563,1
0.004428834,0
0.004966912,0
0.0032351436,0
0.016520614,0
6.583168e-05,0
0.026445448,0
0.018855127,0
0.087338395,0
0.36430603,0
0.7821365,0
0.80587953,1
0.6809125,1
0.00036839693,0
0.016294016,0
0.17214817,1
0.0004689676,0
0.28844094,0
0.69447017,0
0.5504301,0
0.05237912,0
0.0012661483,0
0.032098647,0
0.015149463,0
0.0010273271,0
0.17126815,0
0.49158737,0
0.4266202,0
0.55991614,1
0.4338274,0
0.998509,1
0.3587007,0
0.08996248,0
0.022309897,0
0.00053133996,0
0.98002094,1
0.04073304,0
0.0016614499,0
0.43816456,0
0.012074177,0
0.7177877,0
0.10496493,0
0.0062250257,0
0.016872378,1
0.9925834,1
0.05368972,0
0.0036840409,0
0.028050967,0
0.01912871,0
0.004659241,0
0.95560694,1
0.008131444,0
0.0034493562,0
0.3477843,0
0.20736992,0
0.47173235,0
0.3678738,1
0.5676282,1
0.00089539,0
0.015409358,0
0.7141029,1
0.040611092,0
0.8465678,1
0.0036617946,0
0.11627023,0
0.036064442,0
0.03980303,0
0.0007163105,0
0.2362954,0
0.0014941613,0
0.28832784,0
0.29477808,0
0.005515218,0
0.051792473,0
0.050285686,0
0.5512009,1
0.0013032195,0
0.030769562,0
0.048669707,0
0.274479,1
0.00014254503,0
0.08290898,0
0.49722975,1
0.020820646,0
0.008600073,0
0.00019784569,0
0.0017166865,0
0.0025775332,0
0.3641352,0
0.0063255313,0
0.27652603,1
0.027378246,0
0.018599916,0
0.9914928,1
0.37099355,0
0.30702612,0
0.39613166,0
0.016793417,0
0.1598553,0
0.0021243799,0
0.00042931995,0
0.023188876,1
0.1036022,0
0.2704982,0
0.0041975556,0
0.012200533,0
0.008229608,0
0.5008181,1
0.72752744,1
0.61002654,0
0.0021035671,0
0.5047626,1
0.005393958,0
0.00093275734,0
0.007364354,0
0.5299385,1
0.0658613,0
0.05982227,0
0.9978896,1
0.50991166,1
0.30488035,1
0.00044662133,0
0.0011302098,0
0.9520806,1
0.010915901,0
0.1705149,0
0.029743688,0
0.0066350377,0
0.04353765,0
0.016567504,0
0.000533615,0
0.10830163,0
0.020738121,0
0.39820814,0
0.036383685,0
0.9991823,1
0.011153886,0
0.00028265888,0
0.8272356,1
0.00052418426,0
0.75388896,1
0.30366254,0
0.013272664,0
0.15369526,0
0.99712664,1
0.010861218,0
0.20082377,0
0.31081325,0
0.3096273,1
0.308335,0
0.023740968,0
0.10515253,0
0.0024184415,0
0.007202655,0
0.3847228,0
0.62650335,1
0.147824,0
0.0003228373,0
0.27803263,0
0.26547253,0
0.011310058,0
0.00023888152,0
0.00079325354,0
0.0098947,0
0.93519974,1
0.047293134,0
0.0010573802,0
0.004770391,0
0.05350309,0
0.00021724054,0
0.055519827,0
0.4251526,1
0.023506485,0
0.009388904,0
0.77545625,1
0.4479088,1
0.002231871,0
0.00611716,0
0.0006707208,0
0.003395226,0
0.14509577,0
0.19222113,0
0.040648006,0
0.00025909845,0
0.049295504,0
0.03688311,0
0.001108083,0
0.016606372,0
0.0670202,0
0.010355742,0
0.7332372,0
0.011193621,0
0.027143475,0
0.06312263,0
0.00026034945,0
0.8448183,1
0.030456984,0
0.9737298,1
0.00025632587,0
0.91627693,1
0.15331522,1
0.5498363,0
0.005084734,0
0.27463758,0
0.5739889,1
0.089804016,1
0.16792427,0
0.20154098,0
0.7529862,1
0.022864375,0
0.012493918,0
0.0013207129,0
0.3908735,0
0.5812256,1
0.29345056,0
0.01864544,0
0.7307159,1
0.0012699438,0
0.2525563,0
0.719575,1
0.06332558,0
0.16803607,0
0.604869,1
0.056560345,0
0.018710624,0
0.16589679,0
0.7710138,1
0.012187714,0
0.18414187,0
0.22005095,1
0.1879043,0
0.018881552,0
0.6090104,0
0.10084563,0
0.0739168,0
0.08824986,0
0.0045818584,0
0.35690445,0
0.97735345,1
0.0007343307,0
0.0016093395,0
0.02158334,0
0.012945602,0
0.028899517,0
0.5779729,1
0.85599875,1
0.549236,0
0.0020562666,0
0.73014927,1
0.0002985112,0
0.030329697,0
0.00064341666,0
0.15188277,0
0.9945985,1
0.8514552,0
0.00026793662,0
0.16827917,0
0.3728568,0
0.0044203294,0
0.16333647,0
0.028660387,0
0.00042835725,0
0.05600988,0
0.012697822,0
0.8966012,0
0.38812777,1
0.046270937,0
0.49216375,1
0.0016723904,0
0.012136869,0
0.07701363,0
0.0037806071,0
0.283649,0
0.29487434,0
0.092836216,0
0.0034639419,0
0.07159185,0
0.008481333,0
0.0007864843,0
0.61047494,0
0.005176299,0
0.26012087,1
0.979079,1
0.0066776234,0
0.06430932,0
0.44592512,1
0.97267115,1
0.0009661134,0
0.9682594,1
0.43397656,1
0.998993,1
0.02837471,0
0.07444258,0
0.98582953,1
0.38663504,1
0.47274485,0
0.83269197,1
0.01765025,0
0.041071918,1
0.5349039,0
0.99565107,1
0.16286127,1
0.0003655001,0
0.0022950668,0
0.25738215,0
0.01900873,0
0.008460611,0
0.09113977,0
0.0097059645,0
0.016251842,0
0.0051097134,0
0.008098946,0
0.013463037,0
0.2344996,0
0.03235962,0
0.2696156,0
0.11596221,0
0.00056243374,0
0.9979074,1
0.22133633,0
0.037461653,0
0.010702225,0
0.16446048,0
0.009196752,0
0.32469302,0
0.022969922,0
0.00184425,0
0.13015848,0
0.0005013145,0
0.003501756,0
0.01968895,0
0.28859052,0
0.0006218194,0
0.73169,1
0.713698,1
0.0004256447,0
0.09161232,1
0.82502806,1
0.092414,0
0.008162593,0
0.0049404786,0
0.2978181,0
0.9784403,1
0.23574612,1
0.06622895,0
0.0008437326,0
0.19492282,1
0.053008467,0
0.0008538089,0
0.00049968745,0
0.021681514,0
0.13329709,0
0.004940062,0
0.50482476,0
0.0073929364,0
0.00079799886,0
0.040887255,0
0.7639504,1
0.00064004544,0
0.0002050806,0
0.9835295,1
0.013476793,0
0.0006684774,0
0.011941548,0
0.00019992422,0
0.057241444,0
0.7190052,1
0.054684475,0
0.16347896,0
0.99929833,1
0.07445597,0
0.08042705,1
0.0756279,0
0.53400636,1
0.55576384,1
0.07876208,0
0.33838934,1
0.5015415,0
0.1356149,1
0.46594733,0
0.023997346,0
0.5271449,0
0.2805286,0
0.0028252164,0
0.114613,0
0.022004848,0
0.124700785,1
0.00080720085,0
0.005006036,0
0.005692942,0
0.7748041,1
0.72338265,1
0.51049125,1
0.37893882,1
0.07074302,0
0.13669316,0
0.0011723093,0
0.022370802,0
0.161279,0
0.53141576,0
0.07696937,0
0.89487255,1
0.01918487,0
0.70191324,1
0.026175957,0
0.053957418,0
0.00052526884,0
0.9631531,1
0.40447938,0
0.012862863,0
0.28213456,0
0.19259007,0
0.13508658,0
0.0020366558,0
0.00011948254,0
0.5804734,1
0.00040568959,0
0.23716865,0
0.12772916,0
0.0049075847,0
0.0060389894,0
0.001862438,0
0.49719173,0
0.12079946,0
0.00022590863,0
0.14433482,0
0.29039505,1
0.14849515,0
0.097310826,0
0.02998021,0
0.025520753,0
0.04980107,0
0.045435265,0
0.98571265,1
0.025769224,0
0.05270145,0
0.019830024,0
0.76848215,1
0.00768959,0
0.043324787,0
0.3732262,0
0.020028185,0
0.00026789142,0
0.00046331758,0
0.99899644,1
0.022830235,0
0.5831951,0
0.02079992,0
0.07472168,1
0.17729597,0
0.01832013,0
0.46982548,0
0.025370756,0
0.52579886,1
0.38716698,0
0.07228109,0
0.068518974,0
0.0076691364,0
0.005090742,0
0.18483143,1
0.10988026,0
0.22372341,0
0.4653901,0
0.006424647,0
0.04293457,0
0.060012054,0
0.9919023,1
0.48110387,1
0.022801116,0
0.0032258772,0
0.20141323,0
0.36252332,0
0.007915072,0
0.051614683,0
0.015067603,0
0.0037808858,0
0.014772528,0
0.38517106,0
0.3262511,0
0.18853712,0
0.004075352,0
0.018065566,0
0.99864703,1
0.0005437381,0
0.69103193,0
0.30517164,1
0.4015489,1
0.012855388,0
0.023483474,0
0.023465514,0
0.046959978,0
0.07346991,0
0.0008413923,0
0.01206451,0
0.00012564482,0
0.0007768358,0
0.0077614696,0
0.27938098,0
0.9960018,1
0.001608831,0
0.0073150843,0
0.08144388,0
0.14000061,0
0.05617399,0
0.9990042,1
0.081910424,0
0.030886156,0
0.029038547,1
0.3248438,0
0.9881071,1
0.20996766,0
0.08096366,0
0.7060578,1
0.05695925,0
0.2777587,1
0.007962798,0
0.007922793,0
0.3523696,1
0.28359568,0
0.5698157,1
0.002481736,0
0.43098032,1
0.673852,1
0.0009946825,0
0.00094262854,0
0.0042381445,0
0.1166156,1
0.9983353,1
0.08035791,0
0.0007262861,0
0.08240516,0
0.5701006,1
0.6137427,1
0.8225022,1
0.33908594,0
0.5086028,0
0.39595538,0
0.852701,1
0.46153584,0
0.016600618,0
0.4898606,0
0.0065993555,0
0.68992376,0
0.113022916,0
0.081577905,1
0.29319975,1
0.014675316,1
0.026116809,0
0.18096241,0
0.06608608,0
0.00032132288,0
0.3347336,0
0.031178437,0
0.29144597,0
0.1664097,0
0.6214839,0
0.5823578,1
0.002528849,0
0.511061,0
0.5425801,0
0.29354626,0
0.016873667,0
0.07189897,0
0.4075339,1
0.0013918238,0
0.019111179,0
0.7048622,1
0.38888323,0
0.00041056584,0
0.009461202,0
0.058848254,0
0.12945893,0
0.0009769514,0
0.029758807,0
0.0012512435,0
0.4315934,0
0.91359705,1
0.38341522,0
0.00049618655,0
0.08926612,0
0.031693798,0
0.008112045,0
0.0036854637,0
0.1701758,0
0.0001552917,0
0.00016705976,0
0.0003266176,0
0.003143831,0
0.034989193,0
0.00035586787,0
0.0013721733,0
0.124468155,0
0.99089795,1
0.056560382,0
0.19685514,0
0.54667205,1
0.00013062535,0
0.14635825,1
0.2601002,0
0.60884285,1
0.00022838841,0
0.61857706,1
0.9905753,1
0.019562555,0
0.1882187,0
0.80890113,0
0.0037145973,0
0.013349356,0
0.4170477,0
0.017690517,0
0.040422607,0
0.00022430962,0
0.7566034,1
0.0037336673,0
0.18012089,1
0.72821885,0
0.60249037,0
0.030481307,0
0.0032254325,0
0.040539596,0
0.120957114,0
0.0007516436,0
0.023817662,0
0.9967362,1
0.0072759124,0
0.8209562,1
0.0051152604,0
0.000846888,0
0.03893644,0
0.08785328,0
0.10354559,0
0.37848368,1
0.047899473,0
0.42271352,0
0.0064248233,0
0.41832203,1
0.2844572,0
0.69947886,0
0.99415743,1
0.0019149337,0
0.22276649,0
0.0140935695,0
0.31419277,0
0.013299537,0
0.006735936,0
0.5651148,0
0.010467772,0
0.32417983,0
0.0025047841,0
0.017961517,0
0.00427857,0
0.63475275,0
0.018965868,0
0.0065243104,0
0.029050682,0
0.07357943,0
0.0011102061,0
0.10200543,0
0.006895565,0
0.0008936568,0
0.42977184,1
0.005954641,0
0.043334395,0
0.015691781,0
0.6663839,1
0.026228622,0
0.1444871,0
0.00062300166,0
0.9931213,1
0.0009395723,0
0.002060234,0
0.029027093,0
0.5732353,0
0.4483861,0
0.04724089,1
0.00064834853,0
0.7323135,1
0.72744703,1
0.24732704,1
0.055275142,0
0.0015684227,0
0.07084501,0
0.008910221,0
0.4414764,1
0.04387026,1
0.00014898984,0
0.0027789357,0
0.20334257,0
0.36705008,0
0.008726448,0
0.0064651463,0
0.3374966,0
0.04536692,0
0.005960196,0
0.049017858,1
0.004587882,0
0.03507461,0
0.027373798,0
0.99916375,1
0.00023077345,0
0.0113037415,0
0.33760986,1
0.04931209,1
0.045001563,0
0.27263778,0
0.074868076,0
0.17298144,0
0.08491101,0
0.8563829,1
0.53218186,0
0.03389675,0
0.0016445285,0
0.032773905,0
0.07259578,0
0.99935323,1
0.115644015,0
0.00031861162,0
0.008454241,0
0.47219795,1
0.00042757415,0
0.00061020954,0
0.019166064,0
0.7457141,1
0.015879543,0
0.0003595717,0
0.02319546,0
0.0003349268,0
0.005363881,0
0.9992919,1
0.0035105823,0
0.3572564,0
0.023037752,0
0.042563498,0
0.021796634,0
0.03897596,0
0.057306726,0
0.005313778,0
0.00023603046,0
0.04391739,0
0.6714991,1
0.5915604,1
0.09782247,0
0.016635528,0
0.00783798,0
0.00024734132,0
0.9750099,1
0.07953032,0
0.37735012,0
0.26582044,0
0.37724715,0
0.7098564,0
0.988231,1
0.99868256,1
0.0068492764,0
0.0029687847,0
0.259904,0
0.18139689,0
0.0018245643,0
0.7220882,1
0.9981363,1
0.11161768,0
0.81718653,1
0.32122675,0
0.0022406464,0
0.7862307,0
0.00022410761,0
0.019541861,0
0.99611986,1
0.0007257219,0
0.001795702,0
0.09234881,0
0.24339557,0
0.0031251782,0
0.0055676065,0
0.0009932356,0
0.06798642,0
0.0027656236,0
0.57669127,0
0.9988895,1
0.016443156,0
0.5479727,1
0.025905121,0
0.119663194,0
0.7596857,0
0.81526446,1
0.16058335,0
0.0302507,0
0.0027168258,0
0.9908133,1
0.02180148,0
0.22671105,0
0.23718491,0
0.89274466,1
0.83922845,1
0.73345727,1
0.104890056,0
0.006970241,0
0.564704,1
0.013333953,0
0.7132003,1
0.30682763,0
0.00035968382,0
0.7720014,1
0.93152046,1
0.029695937,0
0.9621862,1
0.0031747434,0
0.00068714155,0
0.7710499,1
0.021466974,0
0.62026733,1
0.5210885,1
0.0033247701,0
0.38341522,1
0.0025780837,0
0.7075726,1
0.16990982,0
0.018984234,0
0.15765728,0
0.3793776,1
0.34055084,1
0.9957211,1
0.53512114,0
0.0013639826,0
0.0031035643,0
0.5369331,1
0.098909564,0
0.30435392,0
0.018949471,0
0.0004430596,0
0.33146557,0
0.19159658,1
0.0010120575,0
0.97631925,1
0.0069930255,0
0.005937395,0
0.6838048,0
0.080260105,0
0.02165855,0
0.22653115,0
0.0011708986,0
0.052279975,0
0.08850724,0
0.29681507,0
0.0002753736,0
0.00046400778,0
0.5612692,1
0.017835377,0
0.19373456,0
0.20455785,0
0.005753047,0
0.011843473,0
0.0033223394,0
0.0027723364,0
0.14066479,0
0.17739744,0
0.99511576,1
0.28943884,1
0.9967818,1
0.6047008,0
0.0046968674,0
0.00051209214,0
0.03263754,0
0.07881428,0
0.70375663,1
0.25678745,0
0.18752368,0
0.018812373,0
0.26218456,1
0.008791341,0
0.071637355,0
0.9973346,1
0.5775294,1
0.8411961,0
0.0031201907,0
0.00079903443,0
0.0013381387,0
0.35318035,0
0.37565574,0
0.36511996,0
0.04969267,0
0.011069023,0
0.04155884,0
0.5343876,0
0.010971259,0
0.029095285,0
0.06309215,0
0.04547295,0
0.001537584,0
0.24345338,0
0.008784575,0
0.009888049,0
0.0005376106,0
0.7612425,1
0.4174673,1
0.8567632,1
0.9861687,1
0.08865676,0
0.34512657,0
0.5282869,1
0.00049651373,0
0.2617065,0
0.26899287,1
0.015203199,0
0.0058511114,0
0.0026797976,0
0.03883639,0
0.0088711325,0
0.32935727,0
0.19552982,0
0.019546306,0
0.00041130272,0
0.0016961811,0
0.0016883331,0
0.0034595844,0
0.0010108791,0
0.2936382,0
0.0086439,0
0.007490738,0
0.108323075,0
0.002991503,0
0.00023248525,0
0.0120802075,0
0.99662626,1
0.039241623,0
0.029755268,0
0.647223,1
0.10449394,0
0.06398774,0
0.00018737173,0
0.64603776,0
0.004651466,0
0.011671521,0
0.2655269,0
0.53657717,0
0.009381443,0
0.003936854,0
0.8900466,1
0.0011330562,0
0.15682788,0
0.20464054,0
0.9959869,1
0.026475322,0
0.22128463,1
0.68275326,1
0.34220406,0
0.010018885,0
0.060828965,0
0.5512009,1
0.45469528,1
0.64409745,1
0.26416466,1
0.99896324,1
0.03031492,0
0.4255959,0
0.7405505,1
0.0028929214,0
0.006229948,0
0.0011758052,0
0.013364369,0
0.021723516,0
0.47168574,1
0.9905167,1
0.002532649,0
0.9825936,1
0.31921694,1
0.13478844,0
0.0022423856,0
0.053198427,0
0.0650545,0
0.98370045,1
0.41891238,0
0.0014009211,0
0.000118207296,0
0.06281019,0
0.02918662,0
0.35372004,0
0.37870848,0
0.014613781,0
0.35754842,0
0.3751197,0
0.034337457,0
0.64308983,1
0.9709355,1
0.014825393,0
0.011870955,0
0.087965414,0
0.2784744,0
0.029140878,0
0.39833173,1
0.058073033,0
0.035669863,0
0.64541966,1
0.059115257,0
0.32198083,0
0.300251,0
0.00793054,0
0.0783865,0
0.030242668,0
0.078652106,0
0.007833173,0
0.026742715,0
0.4902974,0
0.01335545,0
0.51671356,0
0.02185828,0
0.0054139975,0
0.002519041,0
0.0646289,0
0.99333125,1
0.009957325,0
0.0460041,0
0.03991537,0
0.72270656,1
0.00020902135,0
0.511145,1
0.032011025,0
0.044734806,0
0.012124161,0
0.0011068638,0
0.037026465,0
0.543846,1
0.067872904,1
0.77809167,0
0.03476296,0
0.021402987,0
0.021694245,0
0.0012438033,0
0.014352307,0
0.172275,1
0.00021270718,0
0.6642006,0
0.54638594,0
0.0039764037,0
0.6794638,1
0.041332398,0
0.5452914,0
0.002811764,0
0.0030963584,0
0.35839453,1
0.24052931,1
0.014411789,0
0.29387584,0
0.030035695,0
0.12865135,0
0.3663186,0
0.691024,1
0.022992713,0
0.0002982498,0
0.44499737,1
0.03408314,0
0.41406518,0
0.006907256,0
0.23405464,0
0.111303404,0
0.45259595,0
0.006359321,0
0.98290735,1
0.022837827,0
0.003382492,0
0.9987457,1
0.9904331,1
0.27471873,1
0.047574714,0
0.80598706,0
0.00021685315,0
0.18369962,0
0.1179148,0
0.16570808,0
0.1839308,0
0.17363356,0
0.86226696,1
0.5999449,1
0.0038069838,0
0.0010291649,0
0.053426895,0
0.07311704,0
0.0010401679,0
0.016920917,0
0.096688755,0
0.0028790133,0
0.0070670233,0
0.823894,0
0.5152609,1
0.001631083,0
0.005818718,0
0.071094796,0
0.011991121,0
0.026131446,0
0.9986816,1
0.0015922278,0
0.0119332075,0
0.998828,1
0.16713528,1
0.715906,1
0.19195543,0
0.016889472,0
0.537476,1
0.99236685,1
0.43618006,1
0.0065976554,0
0.69825304,1
0.035575576,0
0.19882716,0
0.0003775436,0
0.0030997866,0
0.23789549,0
0.38515168,0
0.6845273,1
0.00069257733,0
0.014531816,0
0.00011486643,0
0.09916687,0
0.42871386,1
0.99826175,1
0.00084191235,0
0.019034982,0
0.0005712177,0
0.9979831,1
0.43959543,0
0.87391293,1
0.3144911,0
0.671193,1
0.15472466,1
0.14064817,0
0.010894191,0
0.31851384,0
0.07423324,0
0.0031495374,0
0.01117243,0
0.046747584,0
0.013550627,0
0.087189324,0
0.009323608,0
0.5679185,1
0.1319408,1
0.027136495,0
0.11171291,0
0.32766467,0
0.99517053,1
0.03265128,0
0.4355075,1
0.065269455,0
0.025804022,0
0.009540483,0
0.05258469,0
0.0011559916,0
0.95375824,1
0.9715736,1
0.1431666,1
0.00015104756,0
0.7817566,1
0.05945523,0
0.0028183667,0
0.4382384,0
0.00043071577,0
0.052747246,0
0.02189914,0
0.045785822,0
0.000301832,0
0.6437245,1
0.013308444,0
0.0010494186,0
0.026785031,0
0.00030230862,0
0.031378094,0
0.0050875186,0
0.0060473415,0
0.3820587,1
0.037231248,0
0.020383568,0
0.22756375,0
0.99807525,1
0.13725118,0
0.19328181,0
0.69447017,0
0.97928613,1
0.0004971739,0
0.5124254,1
0.066805534,0
0.18338199,0
0.08064847,0
0.028723983,0
0.010324425,0
0.022463962,0
0.8452954,1
0.36286953,0
0.04038565,0
0.022968445,0
0.25306395,0
0.09668018,0
0.62295806,0
0.25836435,1
0.010890029,0
0.12802036,1
0.19165927,0
0.9756704,1
0.0018642854,0
0.99935156,1
0.31564867,1
0.13583487,0
0.26584285,0
0.07163665,0
0.40964234,0
0.9630603,1
0.00020587524,0
0.16863556,0
0.03360426,0
0.008895605,0
0.29682145,0
0.007361633,0
0.2584515,0
0.0014925238,0
0.035575435,0
0.010749635,0
0.03320391,0
0.003866646,0
0.0035374088,0
0.052252058,0
0.0023045735,0
0.035704408,0
0.01734,0
0.08606716,0
0.7144799,0
0.046384756,0
0.02026619,0
0.0048174392,0
0.005256348,0
0.20127092,1
0.23210652,1
0.0029708333,0
0.00018325332,0
0.0014317626,0
0.00041788406,0
0.028206723,0
0.029181762,0
0.72338265,0
0.19120006,0
0.037614677,0
0.00058142794,0
0.06839634,0
0.0020311805,0
0.10400418,0
0.09102412,0
0.012999556,0
0.37518308,1
0.9993759,1
0.00018598318,0
0.042215407,0
0.0018153993,0
0.018633747,0
0.0002301165,0
0.99812895,1
0.08148831,0
0.7457141,1
0.00091880356,0
0.11750228,0
0.025162391,1
0.0034352867,0
0.21940804,0
0.8287802,1
0.0005067243,0
0.17296015,1
0.040247824,0
0.12884945,0
0.99861753,1
0.005531166,0
0.99909437,1
0.10270441,0
0.36829537,0
0.00072656956,0
0.040565487,0
0.17882106,0
0.051639322,0
0.99929655,1
0.0069501437,0
0.585039,1
0.51036656,1
0.71286523,1
0.004933992,0
0.771384,0
0.3906522,0
0.1338739,1
0.07258788,0
0.29150015,1
0.006451595,0
0.9986916,1
0.0017115852,0
0.015406323,0
0.4910895,0
0.0011181149,0
0.9905253,1
0.66567266,1
0.0024096498,0
0.31177783,0
0.016957197,0
0.025328362,0
0.01149814,0
0.84552276,0
0.10410483,0
0.60634303,0
0.8410638,1
0.17736842,0
0.0002449513,0
0.42028248,0
0.07127586,0
0.7573836,0
0.5549161,1
0.26051688,0
0.0006090155,0
0.5253945,0
0.3344197,0
0.13718815,0
0.12818772,0
0.04712463,0
0.9885416,1
0.367013,0
0.3197484,0
0.014610377,0
0.5829609,1
0.027946081,0
0.002868027,0
0.53796804,1
0.11821097,0
0.13182527,0
0.0005550002,0
0.99769187,1
0.25686184,0
0.09774627,0
0.77498907,1
0.010386535,0
0.0046511856,0
0.23377074,1
0.004620693,0
0.0050659454,0
0.8177785,0
0.32165545,0
0.087999545,1
0.8281127,1
0.00044092053,0
0.3833185,0
0.02594093,0
0.09873887,0
0.18863752,1
0.35902327,1
0.008769906,0
0.002341119,0
0.21891716,1
0.1344809,0
0.3319188,0
0.4176502,0
0.0023612787,0
0.19110315,0
0.0009705922,0
0.001566886,0
0.0012074169,0
0.00012748671,0
0.17924933,1
0.14742713,1
0.00041649846,0
0.005488913,0
0.025861258,1
0.0016411329,0
0.004753411,0
0.001532253,0
0.013255395,0
0.010268331,0
0.042693578,0
0.00020230471,0
0.4074898,0
0.0082683945,0
0.07989078,0
0.21082468,1
0.23023959,0
0.0012475585,0
0.9013531,1
0.035975836,0
0.99492407,1
0.00026613966,0
0.15381321,0
0.018309297,0
0.072764665,0
0.09635215,0
0.046304386,0
0.9869114,1
0.18118142,0
0.007647285,0
0.99908745,1
0.01969264,0
0.37568218,0
0.21334371,0
0.23481534,0
0.09231667,0
0.6575319,1
0.64118993,1
0.19094917,0
0.39190033,0
0.04768065,0
0.9966233,1
0.40901962,0
0.9991186,1
0.99122447,1
0.0011402604,0
0.07778404,1
0.4310061,1
0.084095985,0
0.13332558,0
0.32455593,0
0.011383518,0
0.59825754,1
0.0007218977,0
0.0047007296,0
0.027862746,0
0.025851022,0
0.27680343,0
0.0045131226,0
0.00012215979,0
0.86489516,1
0.06855062,0
0.00814371,0
0.44123995,0
0.155572,1
0.99836975,1
0.038581975,0
0.7680161,1
0.02020857,0
0.08383142,0
0.0009979778,0
0.8285523,1
0.0064156526,0
0.9991992,1
0.103108056,0
0.00018118887,0
0.000791153,0
0.6786123,0
0.06277008,0
0.23437575,0
0.40386355,0
0.17788139,0
0.21287845,0
0.99750286,1
0.0006272015,0
0.51330596,0
0.0015621635,0
0.038061928,0
0.03603566,0
0.051657137,0
0.99919397,1
0.0067710113,0
0.3207646,1
0.0037915476,0
0.7568163,0
0.06768815,0
0.31088683,0
0.07432959,0
0.3979923,0
0.01226187,0
0.16520564,0
0.59492135,0
0.27107978,0
0.5356913,1
0.020833317,0
0.1186231,0
0.027479181,0
0.7824289,0
0.00911396,0
0.0068755834,0
0.4980827,0
0.030608652,0
0.00697108,0
0.010398354,0
0.00074835704,0
0.0042633372,0
0.0023212591,0
0.0058359453,0
0.003762469,0
0.0033653695,0
0.14952633,0
0.82526815,1
0.98814267,1
0.027682044,0
0.073876075,0
0.69711035,1
0.008185204,0
0.73928106,1
0.6077505,0
0.00074034475,0
0.3853855,0
0.0005080991,0
0.09192509,0
0.22545013,0
0.59450316,1
0.5738511,1
0.0011894827,0
0.617563,1
0.0075587896,0
0.13051762,0
0.017451681,0
0.00032588726,0
0.0011956026,0
0.040843286,0
0.00012436285,0
0.20325619,0
0.4214194,0
0.40083548,0
0.08198118,0
0.04218594,0
0.9989792,1
0.000174758,0
0.023729885,0
0.9640457,1
0.6049207,1
0.0005287444,0
0.17806712,0
0.45110667,1
0.000889946,0
0.021814495,0
0.9549565,1
0.051092654,0
0.007687135,0
0.0022855503,0
0.998396,1
0.014616673,0
0.16457911,0
0.32253125,0
0.45063645,1
0.0039526992,0
0.24449597,0
0.017830575,0
0.2688561,1
0.025585374,0
0.0020573442,0
0.08301972,0
0.64072174,0
0.0063622985,0
0.21005999,1
0.009643315,0
0.0029952643,0
0.06960976,0
0.008174886,0
0.0013289959,0
0.22243209,0
0.30817294,1
0.091418974,0
0.0049611125,0
0.9925914,1
0.936631,1
0.038380668,0
0.55255336,0
0.011841967,0
0.0061157513,0
0.018134417,0
0.5301599,0
0.045417856,0
0.00042563697,0
0.08552589,0
0.0014108622,0
0.015198688,0
0.012795541,0
0.021895085,0
0.003376914,0
0.99760157,1
0.2528049,1
0.4227234,1
0.0002296133,0
0.916877,1
0.5724389,1
0.0008063745,0
0.027649801,0
0.42900363,1
0.19710149,1
0.041794673,0
0.76963574,1
0.324702,0
0.0010644195,0
0.04779315,0
0.004129295,0
0.14486274,0
0.12608917,0
0.21230593,0
0.07543314,0
0.001741621,0
0.0061917137,0
0.009695214,0
0.0028419907,0
0.12660584,0
0.27304828,0
0.12749857,1
0.44637066,0
0.2761418,1
0.011908029,0
0.04879003,0
0.092675574,0
0.60044205,1
0.57537913,0
0.46841112,0
0.0038326585,0
0.09895707,0
0.0030393666,0
0.001231986,0
0.2166968,1
0.046759922,0
0.64333636,0
0.17365864,0
0.010796692,0
0.17996025,0
0.48224643,1
0.00039136666,0
0.3844724,0
0.47391337,0
0.005906232,0
0.51467454,0
0.026866857,0
0.019733345,0
0.117800385,0
0.059575345,0
0.5999324,0
0.09739444,0
0.00031426502,0
0.6621119,1
0.71780336,1
0.05823593,0
0.0017185009,0
0.006671089,0
0.99211454,1
0.030694904,0
0.0008223746,0
0.1587676,0
0.0045784456,0
0.04325269,0
0.002419239,0
0.048556637,0
0.018068079,0
0.02065187,0
0.1377303,1
0.99827623,1
0.0075848787,0
0.0028122852,0
0.009313928,0
0.0947504,0
0.20671885,0
0.30235597,0
0.0017849231,0
0.9661301,1
0.3629788,0
0.0012166869,0
0.02810966,0
0.6241443,1
0.0049355985,0
0.62086034,0
0.98851216,1
0.12530698,0
0.3337477,0
0.69724137,0
0.1913818,0
0.014540827,0
0.011070928,0
0.014125077,0
0.1649019,0
0.0045444053,0
0.018431861,0
0.020194922,0
0.56802213,0
0.15890928,0
0.69284934,1
0.00066911033,0
0.015726537,0
0.17619725,0
0.069357015,0
0.55187124,1
0.9983063,1
0.017019419,0
0.9991117,1
0.009933497,0
0.03585611,0
0.0002974938,0
0.01652132,0
0.019866986,0
0.97924966,1
0.000846888,0
0.27165675,0
0.3898361,0
0.013159651,0
0.0028054349,0
0.0068043824,0
0.99842584,1
0.1537074,1
0.6188981,0
0.00031461907,0
0.47025383,0
0.5949812,1
0.0011828453,0
0.14395562,0
0.0038623358,0
0.9936959,1
0.0441586,0
0.58867145,0
0.7120046,0
0.2971308,1
0.20356406,1
0.1314128,1
0.17185868,0
0.0020592895,0
0.19775674,0
0.0015759539,0
0.08469324,0
0.0006560204,0
0.85686857,1
0.028233746,0
0.04690758,0
0.02151022,0
0.81883913,0
0.057295427,0
0.57431865,0
0.044534747,0
0.99680066,1
0.18175265,1
0.99450254,1
0.41303474,0
0.15696822,0
0.00012252378,0
0.72313344,0
0.14533733,0
0.00015286262,0
0.27836126,0
0.4316973,1
0.006385534,0
0.010158178,0
0.00018247393,0
0.11355316,0
0.008684233,0
0.043220833,0
0.00457712,0
0.00036576658,0
0.7561952,1
0.41442016,1
0.15407349,1
0.9947634,1
0.3275303,0
0.010075014,0
0.35560495,0
0.13285917,0
0.008308546,0
0.6583949,0
0.42040902,0
0.010119549,0
0.13146406,1
0.5095699,1
0.28478414,0
0.024946138,0
0.99848074,1
0.46685565,1
0.060619004,0
0.02001745,0
0.009387202,0
0.13753834,0
0.00085037807,0
0.112505645,0
0.01572546,0
0.2802183,0
0.75896114,1
0.0006721062,0
0.010421854,0
0.04393181,0
0.64821017,0
0.017614743,0
0.6835594,0
0.06817686,0
0.98615426,1
0.004193386,0
0.100480765,0
0.045836587,0
0.80302644,0
0.3343121,0
0.63547534,1
0.60549104,1
0.025976237,0
0.004156595,0
0.00018820415,0
0.00021254175,0
0.034268405,0
0.0029839096,0
0.026800942,0
0.27252883,0
0.49398127,1
0.01240096,0
0.006914979,0
0.39668918,0
0.07322704,0
0.29626387,0
0.00023040938,0
0.026647236,0
0.37810564,0
0.33244544,1
0.9676666,1
0.2875658,0
0.16719769,0
0.09003461,0
0.21562469,0
0.05337952,1
0.39868763,1
0.1664653,0
0.9954705,1
0.028273534,0
0.027458768,0
0.33196884,0
0.010398672,0
0.30964583,0
0.0003247419,0
0.0013046179,0
0.05985236,0
0.16352895,0
0.11193724,1
0.23091878,0
0.14503835,0
0.25157946,0
0.006430271,0
0.009857742,0
0.28450954,0
0.24921423,0
0.0043938067,0
0.01623631,0
0.08284787,0
0.67296046,1
0.23971051,0
0.00403438,0
0.32825416,0
0.010116502,0
0.216284,1
0.019310253,0
0.3159935,0
0.97085595,1
0.068468474,0
0.0049987733,0
0.3641352,1
0.9942848,1
0.17531182,0
0.049507193,0
0.56593627,1
0.18451102,0
0.015794639,0
0.15496354,1
0.029690485,0
0.05695638,0
0.6626923,1
0.0032129392,0
0.766055,1
0.021145213,0
0.0087589985,0
0.07955954,0
0.0069257766,0
0.04841364,0
0.01141412,0
0.00014488904,0
0.20170242,0
0.00013519192,0
0.38130778,0
0.62111247,1
0.2630361,0
0.043038025,1
0.29822925,0
0.20182715,0
0.010754418,0
0.2395355,0
0.031062454,0
0.9467505,1
0.9955096,1
0.03447035,0
0.008185204,0
0.020268723,0
0.07052252,0
0.4391607,1
0.0010401545,0
0.41952002,0
0.34230486,0
0.10601459,1
0.012380746,0
0.03172698,0
0.012730844,0
0.30383533,0
0.0010248057,0
0.00030259494,0
0.05704265,0
0.9993742,1
0.057161827,0
0.99794406,1
0.018770998,0
0.002303963,0
0.0026414758,0
0.00061862764,0
0.998689,1
0.3788905,0
0.00080276304,0
0.42282304,1
0.54465026,1
0.0005466317,0
0.3309034,0
0.00012861555,0
0.12053174,0
0.2641634,0
0.20753525,1
0.10535099,0
0.40902665,0
0.85544026,1
0.106837384,0
0.99847656,1
0.00030057624,0
0.3765944,0
0.43506882,0
0.6523744,1
0.004817727,0
0.26616964,0
0.000611523,0
0.034981653,0
0.5402088,1
0.03149115,0
0.011069926,0
0.0002632072,0
0.09484412,0
0.003271345,0
0.017878262,0
0.04752096,0
0.8476076,1
0.38812777,0
0.0001872917,0
0.0013109846,0
0.009166716,0
0.99343723,1
0.00019212214,0
0.058527656,0
0.0036730238,0
0.00060558406,0
0.3412583,1
0.39814454,0
0.03449357,0
0.029423485,0
0.0028465318,0
0.39207956,0
0.0008025485,0
0.15722373,0
0.002255527,0
0.0039678933,0
0.018105455,0
0.00093886536,0
0.3371801,0
0.29654363,0
0.0067088758,0
0.15346693,1
0.005891929,0
0.00027141665,0
0.1554585,1
0.18374842,0
0.0001304062,0
0.3465914,0
0.018156137,0
0.1401457,1
0.0018439377,0
0.0034027514,0
0.0004665907,0
0.6981727,1
0.060813792,0
0.021202661,0
0.18513194,0
0.065700136,1
0.691619,0
0.00036352334,0
0.0015990516,0
0.0045926515,0
0.3405079,0
0.43029377,0
0.27718726,0
0.46158025,0
0.0069124843,0
0.08930274,1
0.16101845,0
0.55514234,1
0.004341382,0
0.64238495,1
0.011391249,0
0.00012213452,0
0.45286185,1
0.66308147,1
0.44480455,1
0.006313913,0
0.017252048,0
0.36737344,1
0.13368616,1
0.038678754,0
0.009854405,0
0.00015851556,0
0.002752127,0
0.35266134,0
0.7330641,1
0.03427288,0
0.6672583,1
0.0019195763,0
0.0010017377,0
0.9964862,1
0.9272841,1
0.37679392,0
0.9906906,1
0.2803426,0
0.011697914,0
0.05258079,1
0.06202227,1
0.022115655,0
0.00055037707,0
0.04486679,0
0.62212574,1
0.0010414678,0
0.34234294,0
0.66230553,0
0.00014631837,0
0.084806025,0
0.0063146013,0
0.50593036,0
0.21770938,1
0.020487076,0
0.16768613,0
0.50622416,0
0.2713191,1
0.010631575,0
0.004303186,0
0.44886,0
0.0008148332,0
0.0019517323,0
0.54856116,0
0.0880415,0
0.0009354602,0
0.61082095,1
0.0048872284,0
0.8595602,1
0.07784863,0
0.6698347,0
0.011910829,0
0.99252737,1
0.0023133305,0
0.0007399395,0
0.9994456,1
0.044892993,0
0.006701016,0
0.0019880172,1
0.0006572502,0
0.6089762,0
0.001977567,0
0.9836414,1
0.01017539,0
0.83347905,1
0.000137774,0
0.1435885,0
0.12783109,0
0.011734483,0
0.008778972,0
0.55770975,1
0.0048712227,0
0.096337184,1
0.0404839,0
0.023901269,0
0.1071275,0
0.015628133,0
0.0060928534,0
0.0010452211,0
0.56006485,1
0.1273755,0
0.003185715,0
0.028357118,0
0.6367323,0
0.017167823,0
0.5029247,0
0.6077803,1
0.8735631,1
0.259791,0
0.61028916,1
0.031777352,0
0.0003490607,0
0.00033305676,0
0.009632948,0
0.030118989,0
0.24705735,0
0.014569777,0
0.0065764748,0
0.044101495,0
0.05335987,0
0.23109189,1
0.023329215,0
0.005365148,0
0.012464125,0
0.00015360766,0
0.024477962,0
0.72615695,1
0.17632556,1
0.0031198275,0
0.018007573,0
0.7046362,1
0.07406182,0
0.014188044,0
0.5215816,0
0.0004297923,0
0.012629159,0
0.0034061135,0
0.07554428,1
0.009707757,0
0.004025121,0
0.56838465,1
0.15437554,0
0.9897139,1
0.0124224685,0
0.024876261,0
0.0423336,0
0.04196976,0
0.022213385,0
0.003999224,0
0.48459136,1
0.053046957,0
0.8070049,1
0.73241246,1
0.0329795,0
0.12031682,0
0.0034027514,0
0.630571,0
0.022814142,0
0.022355685,0
0.17770104,0
0.4353967,0
0.0103621455,0
0.12942201,0
0.9630916,1
0.34044304,1
0.28184837,0
0.0074112806,0
0.16990359,0
0.008133525,0
0.019352568,0
0.0016581323,0
0.005047301,0
0.095581405,0
0.3019542,0
0.62621313,0
0.00024180896,0
0.020931114,0
0.00032046536,0
0.3609152,1
0.17359675,0
0.030399354,0
0.31146947,0
0.3324242,0
0.16739276,0
0.27981338,0
0.079480015,0
0.9957449,1
0.001170273,0
0.9948245,1
0.52477014,0
0.9915038,1
0.00041537377,0
0.56213063,0
0.19416167,1
0.045147575,0
0.14175373,0
0.0026963712,0
0.014493483,0
0.65136033,0
0.064338766,1
0.6033524,0
0.0037140609,0
0.074669234,0
0.05215898,0
0.4650767,0
0.10003056,0
0.06675199,0
0.00076527405,0
0.082485266,0
0.2138165,0
0.0177782,0
0.08571307,0
0.6292185,1
0.06479451,0
0.0171906,0
0.00034037532,0
0.71600956,1
0.18578972,1
0.09002235,0
0.9992343,1
0.0008886526,0
0.0012915934,0
0.09086675,0
0.00012183849,0
0.49183938,0
0.6301619,1
0.12819803,0
0.016209297,0
0.17361918,0
0.9942879,1
0.3631178,1
0.39418852,1
0.057109557,0
0.4127866,1
0.03360567,0
0.69563586,0
0.029970635,0
0.012916138,0
0.0035374088,0
0.054679878,0
0.9932389,1
0.021506391,0
0.0012081239,0
0.33367345,0
0.9844499,1
0.19653109,0
0.81671506,1
0.6997482,0
0.0003254743,0
0.035022754,0
0.9827748,1
0.6233992,1
0.00030093896,0
0.44711757,1
0.6486672,1
0.33345196,0
0.029156128,0
0.005415605,0
0.00052066095,0
0.005628594,0
0.12169303,0
0.0010504258,0
0.9988476,1
0.98783594,1
0.5916886,0
0.012743586,0
0.00020230471,0
0.0065739206,0
0.07396796,0
0.07463035,0
0.9985524,1
0.8222277,1
0.04774747,0
0.0042244066,0
0.109033234,0
0.01200695,0
0.0014399531,0
0.3392593,1
0.019917402,0
0.60247475,0
0.7286867,0
0.019666424,0
0.013371022,0
0.00042116857,0
0.04249701,0
0.45795316,0
0.00084760855,0
0.38341522,0
0.99924433,1
0.113809824,0
0.26201987,1
0.40426838,0
0.06012195,0
0.050064776,0
0.7399768,0
0.7925314,0
0.0028745036,0
0.00017677178,0
0.037481137,0
0.19709253,0
0.98110294,1
0.0051765344,0
0.972172,1
0.3794986,1
0.14635587,1
0.0013261809,0
0.45363545,0
0.05306082,0
0.40689424,1
0.3469579,0
0.580339,1
0.00039845877,0
0.032803997,0
0.03418808,0
0.29337054,1
0.0030679419,0
0.42271677,1
0.0006818131,0
0.011863222,0
0.05530121,0
0.00076022424,0
0.00022436868,0
0.018580694,0
0.0027911828,0
0.015437607,0
0.48591673,0
0.2325151,0
0.6411702,1
0.0025855717,0
0.0030271527,0
0.03145502,1
0.5824504,1
0.0051888092,0
0.0020999208,0
0.00568856,0
0.10191795,0
0.35852608,0
0.004270513,0
0.63048077,1
0.41674522,1
0.23406446,1
0.13606128,0
0.54341453,1
0.5765156,1
0.026497947,0
0.34638518,0
0.20327216,0
0.015759889,0
0.63810265,0
0.0103655,0
0.15984242,0
0.03346632,0
0.019686272,0
0.061352856,0
0.07305003,0
0.88156873,1
0.017635383,0
0.005688288,0
0.7833154,0
0.5935936,0
0.021685874,0
0.22357656,0
0.99914074,1
0.0019328246,0
0.2215808,0
0.44071195,0
0.015700532,0
0.008827319,0
0.24251698,1
0.09383325,0
0.82544446,1
0.0069396924,0
0.33725333,1
0.12839188,0
0.15187168,0
0.00046566673,0
0.07252039,0
0.0015932886,0
0.14545067,0
0.0061492226,0
0.00046569892,0
0.026495708,0
0.00039687342,0
0.17274772,0
0.0039376547,0
0.042557064,0
0.0031222785,0
0.04698376,0
0.009806516,0
0.11353954,0
0.07358114,0
0.21218315,0
0.19245136,1
0.8150603,1
0.3058813,0
0.36768055,1
0.16885446,0
0.0004728116,0
0.0033100087,0
0.00451778,0
0.98014945,1
0.6228712,1
0.12360773,0
0.2731446,0
0.43240476,0
0.20454215,0
0.017590705,0
0.5529004,1
0.0018894281,0
0.008980343,0
0.0004966361,0
0.58716655,1
0.005096089,0
0.02947863,0
0.027164511,0
0.014802372,0
0.72830653,1
0.23157975,0
0.0018107005,0
0.0036043753,0
0.0147640975,0
0.0030683693,0
0.0746535,0
0.002578486,0
0.01057892,0
0.0029821042,0
0.0008439569,0
0.99893683,1
0.13723108,0
0.0107823,0
0.8858594,1
0.000117791875,0
0.021126213,0
0.0003511163,0
0.64992195,0
0.26757956,1
0.0022269408,0
0.037027024,0
0.26475438,0
0.026339505,0
0.6927267,0
0.19197458,0
0.99776745,1
0.00038988664,0
0.019954976,0
0.0047349804,0
0.00014920125,0
0.0056492593,0
0.15597542,1
0.0023357226,0
0.047184095,0
0.029227288,0
0.006196551,0
0.88368016,0
0.5452782,1
0.9858024,1
0.10545977,0
0.6794086,1
0.0002475466,0
0.13848494,0
0.0015375884,0
0.016685972,0
0.0123358965,0
0.3209363,0
0.00018297954,0
0.21254821,0
0.2363852,0
0.5738827,1
0.06217874,0
0.011981735,0
0.011377992,0
0.07468544,0
0.0032653334,0
0.36806017,0
0.003613942,0
0.69335014,0
0.0007660376,0
0.2978173,0
0.3742415,0
0.10552145,0
0.00050285866,0
0.81881475,1
0.06707273,0
0.065940455,1
0.1126572,0
0.0091775805,0
0.027491437,0
0.0016973701,0
0.00021750854,0
0.0075917267,0
0.028852798,0
0.0076298127,0
0.9984016,1
0.056251634,0
0.28039882,1
0.9910653,1
0.0019078436,0
0.6330379,0
0.18881796,0
0.0036222793,0
0.001871383,0
0.098170914,0
0.0009887386,0
0.0060453583,0
0.003183305,0
0.89782685,1
0.007820897,0
0.005225241,0
0.9970811,1
0.039935805,1
0.43966797,1
0.1723088,0
0.052399073,0
0.97690463,1
0.24329197,0
0.5124222,0
0.2253104,0
0.3134237,1
0.0731269,0
0.6311739,0
0.00023363497,0
0.010453182,0
0.00066943275,0
0.013104697,0
0.0011558876,0
0.08098205,0
0.7304055,1
0.0033360873,0
0.0008935542,0
0.6591548,0
0.6684936,0
0.110884905,0
0.77197546,1
0.7612425,1
0.0074802837,0
0.018691482,0
0.18646187,0
0.00032614244,0
0.14099567,0
0.01382453,0
0.006892966,0
0.10344479,0
0.38812777,0
0.00020355542,0
0.29922792,1
0.007169374,0
0.035646778,0
0.00071892876,0
0.13130295,0
0.0022659935,0
0.7451567,1
0.56807387,1
0.361389,0
0.00029204364,0
0.0019898487,0
0.002562195,0
0.6352154,1
0.3228351,1
0.14592306,0
0.08874549,0
0.124630176,0
0.2047714,1
0.06604623,0
0.0006330642,0
0.06886987,0
0.765482,1
0.3954692,0
0.9990864,1
0.57322085,0
0.023796627,0
0.0006963368,0
0.020117266,0
0.14714156,1
0.0062673003,0
0.053898714,0
0.54777557,0
0.00062488404,0
0.9985832,1
0.018246554,0
0.35458323,0
0.0018941305,0
0.009976664,0
0.0029054128,0
0.21070074,0
0.0046401457,0
0.9961786,1
0.002381665,0
0.38701224,0
0.8658278,1
0.8530145,1
0.003975365,0
0.0008034135,0
0.018961176,0
0.4633283,1
0.012428642,0
0.52022356,1
0.05102091,0
0.010853019,0
0.5246956,1
0.0066813,0
0.047171336,0
0.00082003913,0
0.3681082,0
0.018599324,0
0.028141862,0
0.0011342425,0
0.36897588,0
0.70592344,0
0.88101584,1
0.005661108,0
0.07137602,1
0.008655332,0
0.23464249,1
0.011966329,0
0.017828537,0
0.027989425,0
0.74718904,0
0.032923948,0
0.33472332,0
0.647554,1
0.015671266,0
0.5999466,1
0.0070253275,0
0.1862605,0
0.3758037,0
0.7315694,1
0.007095854,0
0.013959372,0
0.06661986,0
0.0018430303,0
0.06502028,0
0.054841943,0
0.00020230471,0
0.20272715,0
0.0001884552,0
0.16323745,0
0.7329746,1
0.9953934,1
0.12100348,0
0.033705402,0
0.003449115,0
0.0088451775,0
0.9928854,1
0.19756612,1
0.015987206,0
0.0005802148,0
0.11865269,0
0.30665812,1
0.0006022135,0
0.42294165,1
0.024338102,0
0.031093977,0
0.0003306069,0
0.14464846,1
0.007830894,0
0.57091403,0
0.00052712887,0
0.011400977,0
0.076187596,0
0.039912295,0
0.09003701,0
0.85301125,1
0.77121717,1
0.08028877,0
0.62948674,0
0.0017775696,0
0.0003608089,0
0.039266944,0
0.10207688,1
0.02660596,0
0.5948076,1
0.00036107472,0
0.032774664,0
0.018288013,0
0.1024501,0
0.62646544,1
0.614232,1
0.0015907185,0
0.004188164,0
0.058123477,0
0.52217346,1
0.02298049,0
0.011118316,0
0.002299921,0
0.36823854,1
0.000707012,0
0.3682888,1
0.00031112295,0
0.054058228,0
0.09670381,0
0.018900627,0
0.00995474,0
0.99907315,1
0.20963416,1
0.3731332,0
0.008637997,0
0.065587915,0
0.67539495,1
0.02981788,0
0.6837103,1
0.22679637,0
0.00040489255,0
0.8546377,0
0.04560404,0
0.0007647608,0
0.011770985,0
0.0022516972,0
0.019242488,0
0.025139177,0
0.0141348215,0
0.20616175,0
0.79289705,1
0.006756257,0
0.9961222,1
0.000512613,0
0.15787473,0
0.00410441,0
0.15000477,0
0.24446908,1
0.008517196,0
0.020817867,0
0.01785807,0
0.0002469045,0
0.36140212,0
0.04107376,0
0.007128016,0
0.21898624,0
0.074600026,0
0.028487153,0
0.55546296,1
0.38739738,0
0.008320455,0
0.09489966,0
0.05241083,0
0.0008718831,0
0.596709,1
0.00055637886,0
0.20244046,1
0.0011682104,0
0.07274426,0
0.00019544888,0
0.06939167,0
0.009593836,0
0.00021534758,0
0.055529676,0
0.58393097,1
0.003346202,0
0.17294024,0
0.1452534,0
0.031269386,0
0.99017733,1
0.0010266051,0
0.00091900496,0
0.03361088,0
0.17806712,0
0.6132109,1
0.26168215,1
0.73149425,1
0.005855043,0
0.37404397,0
0.005579565,0
0.0035640243,0
0.30141306,0
0.000463895,0
0.022438323,0
0.0007517421,0
0.37265053,0
0.021653444,0
0.00028857507,0
0.17899129,0
0.004695345,0
0.00022602844,0
0.0022758392,0
0.44355613,1
0.018743629,0
0.0005687683,0
0.0012192706,0
0.28568968,0
0.39202327,1
0.0095456485,0
0.10739869,0
0.28234148,0
0.41552866,1
0.4453944,1
0.99918383,1
0.23396847,0
0.00022397793,0
0.016773565,0
0.036079306,0
0.36917698,0
0.96765286,1
0.37946466,0
0.06890805,1
0.5023899,0
0.43704483,1
0.6803396,0
0.5916302,1
0.029099183,0
0.34512657,0
0.6400457,1
0.20066229,1
0.07978023,0
0.42015958,0
0.09373018,0
0.027177671,0
0.0123891095,0
0.19579971,1
0.00016661242,0
0.6398134,1
0.49524072,1
0.21778195,0
0.015157988,0
0.03280579,0
0.74590534,1
0.24333489,0
0.02271231,0
0.0027644732,0
0.0011007908,0
0.001163751,0
0.8722935,1
0.040785484,0
0.010058606,0
0.023482168,0
0.99933916,1
0.6065762,0
0.00030942028,0
0.033019233,0
0.016074296,0
0.19740692,0
0.012229109,0
0.18150693,1
0.4087165,0
0.038222607,0
0.0012561339,0
0.22588563,0
0.18859752,0
0.12516734,0
0.997349,1
0.489625,1
0.83132756,1
0.16324188,0
0.001350142,0
0.0014472214,0
0.4531695,0
0.009011346,0
0.00054803246,0
0.005782053,0
0.7971399,0
0.06325903,0
0.04175953,0
0.7592971,0
0.99926156,1
0.12143221,0
0.01046666,0
0.008261121,0
0.62301356,0
0.02365962,0
0.6814082,1
0.9985885,1
0.032631323,0
0.090422064,0
0.35054776,0
0.6406337,0
0.0042190063,0
0.0142558105,0
0.3238028,0
0.15482369,0
0.03662901,0
0.76362586,1
0.0020300383,0
0.0013103973,1
0.016710868,0
0.04508171,0
0.30404875,1
0.5197873,1
0.013411884,0
0.030154655,0
0.018333936,0
0.6860194,0
0.084771454,0
0.0040343357,0
0.01532193,0
0.09776445,0
0.0068219835,0
0.1292068,0
0.36250004,0
0.06259948,0
0.005929155,0
0.2334371,0
0.28825957,0
0.20129696,0
0.15940599,0
0.527513,1
0.02906523,0
0.00070867216,0
0.22254889,1
0.013206151,0
0.10627176,0
0.99918216,1
0.00015088632,0
0.08212571,0
0.226969,0
0.7242781,1
0.4631402,0
0.018323068,0
0.18173788,1
0.43051764,1
0.111416206,1
0.00021338217,0
0.18747209,1
0.0014729039,0
0.6643818,1
0.84179705,1
0.40304402,1
0.70781314,1
0.76892304,1
0.008339851,0
0.0076848506,0
0.00014920125,0
0.0010621146,0
0.01871516,0
0.76194406,1
0.0360603,0
0.012697942,0
0.023685435,0
0.6911811,0
0.00504055,0
0.010831627,0
0.014944116,0
0.0017458774,0
0.0004781728,0
0.5202886,1
0.0022635045,0
0.009068585,0
0.15626192,0
0.021894718,0
0.681906,1
0.4671485,1
0.53230953,1
0.004252826,0
0.0011132091,0
0.7534343,1
0.99480635,1
0.01489993,0
0.05692618,0
0.32555848,1
0.0030260435,0
0.08996108,0
0.00032822767,0
0.015065997,0
0.1129718,0
0.26594183,0
0.0035627899,0
0.0012415632,0
0.0018823516,0
0.0024366144,0
0.029825803,0
0.99900526,1
0.008237228,0
0.0149097955,0
0.0010149485,0
0.9958488,1
0.006545615,0
0.742991,1
0.6539868,1
0.85057163,1
0.03768171,0
0.007959419,0
0.43137354,1
0.97146344,1
0.38812777,0
0.99102366,1
0.42805025,0
0.03559712,0
0.058248747,0
0.048160296,0
0.00065633934,0
0.08104791,0
0.024411572,0
0.5685316,1
0.0016370923,0
0.029848738,0
0.011940137,0
0.121485345,0
0.004966299,0
0.062513955,0
0.31740388,0
0.20608348,0
0.0008317659,0
0.1326624,0
0.10609623,0
0.5096353,0
0.01330778,0
0.20681874,0
0.051102318,0
0.49817705,1
0.0009061059,0
0.08913562,0
0.0010889616,0
0.99865025,1
0.031198058,0
0.29194525,0
0.9931896,1
0.00027954922,0
0.9945003,1
0.6906108,0
0.049220636,0
0.60099655,1
0.3559701,0
0.7311828,1
0.022342503,0
0.0144923115,0
0.054176245,0
0.589559,1
0.077184446,0
0.046231054,0
0.18282506,0
0.096048795,0
0.0001433089,0
0.7593426,1
0.0046367925,0
0.003531351,1
0.00043066914,0
0.99398875,1
0.01817234,0
0.00012828043,0
0.18823239,0
0.005036919,0
0.007964802,0
0.008075708,0
0.25988728,0
0.14440396,0
0.25216287,1
0.025292842,0
0.75827646,1
0.99889696,1
0.14955816,0
0.02690342,0
0.007800794,0
0.0011822472,0
0.0021873252,0
0.0065154275,0
0.089497045,0
0.0010973958,0
0.10370948,0
0.0014588799,0
0.13950557,0
0.09828259,0
0.00076017965,0
0.15539259,0
0.0025529757,0
0.6385904,1
0.00019700387,0
0.49879336,1
0.20082106,0
0.27951473,1
0.02674698,0
0.00037088196,0
0.6226424,1
0.0015842378,0
0.008061,0
0.38701224,1
0.2825408,0
0.9972046,1
0.008747249,0
0.015299349,0
0.25210783,0
0.47316256,1
0.02425221,0
0.17907135,1
0.0024391355,0
0.00018340068,0
0.44322732,1
0.00029078533,0
0.49397054,1
0.06429081,0
0.12178081,1
0.54909056,1
0.00014618687,0
0.33782795,1
0.45043385,1
0.0007142441,0
0.1425952,0
0.029936152,0
0.017135222,0
0.006645597,0
0.056486197,0
0.75765914,1
0.6029784,0
0.2136779,1
0.0010010913,0
0.0010997499,0
0.6941178,1
0.0661674,0
0.058739383,0
0.0008431017,0
0.13140982,0
0.010583823,0
0.078283325,0
0.02365962,0
0.99445677,1
0.096565805,0
0.21691522,0
0.0011422395,0
0.072823286,0
0.00025784216,0
0.06619585,0
0.057355005,0
0.62733257,1
0.18483143,0
0.1412225,0
0.0021822553,0
0.54729044,1
0.10175708,0
0.191078,0
0.05214824,0
0.030397218,0
0.064606674,1
0.03392345,0
0.58441085,0
0.016883051,0
0.099683575,0
0.0037145973,0
0.99787366,1
0.23298924,0
0.025163813,0
0.011430504,0
0.0010802272,0
0.0020626816,0
0.2960378,0
0.00023459166,0
0.68972194,1
0.0268354,0
0.00032151103,0
0.6858611,1
0.31804392,0
0.4950459,1
0.6899344,1
0.6679102,1
0.006646299,0
0.23940736,0
0.015003299,0
0.018119778,0
0.094979584,0
0.2068335,1
0.21563326,0
0.47798032,1
0.9975563,1
0.627897,0
0.032522336,0
0.1941825,0
0.00014329443,0
0.579556,0
0.00046389364,0
0.017103441,0
0.0047734664,0
0.5324519,1
0.0007066688,0
0.034154348,0
0.04323374,0
0.00010167559,0
0.6662724,1
0.004417047,0
0.45666727,0
0.018728266,0
0.00075274863,0
0.65988,0
0.03545925,0
0.011392672,0
0.33675036,0
0.64938617,0
0.00020093212,0
0.052366395,0
0.9993298,1
0.026998626,0
0.43317002,0
0.00015636598,0
0.5889856,0
0.26321808,0
0.1268526,0
0.007386099,0
0.0075534903,0
0.002561765,0
0.015424487,0
0.9987091,1
0.052867457,0
0.09046234,0
0.37684232,0
0.22728255,0
0.25109553,0
0.012785186,0
0.0027212182,0
0.97035015,1
0.017549971,0
0.0102049885,0
0.00052932656,0
0.017519157,0
0.59451586,1
0.65145546,1
0.015862213,0
0.0039396076,0
0.8435394,1
0.008693215,0
0.0008815124,0
0.0019791534,0
0.00030793648,0
0.082709424,1
0.52951,1
0.018960932,1
0.10503252,0
0.013488711,0
0.0109710265,0
0.07453747,0
0.38812777,0
0.002484261,0
0.37967005,0
0.03193131,0
0.00022188554,0
0.04014769,0
0.7880869,1
0.024043692,0
0.23675962,1
0.024365196,0
0.51723576,0
0.8421425,0
0.18027803,1
0.01987846,0
0.0013098776,0
0.87567925,0
0.70829207,1
0.094011925,1
0.28570732,0
0.6170321,1
0.12548257,0
0.008236705,0
0.046356015,1
0.12188001,0
0.0043115346,0
0.16189893,0
0.00053614174,0
0.2650021,1
0.2509211,0
0.9987109,1
0.02695784,0
0.013847763,0
0.68338877,0
0.010453157,0
0.559503,0
0.61825484,1
0.0035280555,0
0.006647778,0
0.42451128,1
0.009642163,0
0.18051238,1
0.006069077,0
0.7134149,0
0.32644945,1
0.2865467,1
0.9763613,1
0.20437132,0
0.09358997,0
0.0018274211,0
0.67739844,0
0.07831426,0
0.3535881,1
0.96863157,1
0.008932837,0
0.9954815,1
0.02029122,0
0.03332058,0
0.18483143,0
0.0009979778,0
0.0049657635,0
0.5315109,0
0.15587133,0
0.00546416,0
0.07586866,0
0.020595595,0
0.012553057,0
0.02776458,0
0.3954692,0
0.53551245,1
0.0044325655,0
0.27241787,1
0.001795702,0
0.031727687,0
0.83379567,1
0.010700621,0
0.0028266634,0
0.075643465,1
0.00078909524,0
0.2069818,0
0.26542795,0
0.57272077,0
0.104664356,0
0.076909155,0
0.12048083,0
0.5188014,0
0.42267656,1
0.6727254,1
0.43759614,1
0.11510347,0
0.0004686648,0
0.028498707,0
0.0007093448,0
0.005250058,0
0.683123,1
0.24444875,0
0.9991665,1
0.38669226,0
0.3423687,0
0.1314276,0
0.00056888897,0
0.025377225,0
0.10087426,1
0.9894449,1
0.002948312,0
0.34038556,1
0.3703523,0
0.0028026656,0
0.0006812639,0
0.06464727,0
0.3455659,0
0.009706046,0
0.0016896919,0
0.01285876,0
0.042665914,0
0.35183555,0
0.8362602,1
0.29031634,0
0.0008824554,0
0.03636936,0
0.06688525,0
0.00035715377,0
0.001730428,0
0.37201878,1
0.06956517,0
0.6358245,0
0.0056644534,0
0.0011668146,0
0.3326676,0
0.67604053,1
0.5752507,0
0.05348934,0
0.94805634,1
0.008052106,0
0.02409215,0
0.0329421,0
0.24902283,0
0.025120107,0
0.0005601149,0
0.012510819,0
0.3536729,0
0.0024485795,0
0.9904975,1
0.23886897,0
0.0013630145,0
0.017653773,0
0.00012279431,0
0.024065157,0
0.22060372,0
0.06932926,0
0.020068225,0
0.23820746,1
0.19669162,0
0.38428584,0
0.5122995,0
0.038325425,0
0.0041576177,0
0.0038172128,0
0.012112396,0
0.018947136,0
0.97856724,0
0.005107891,0
0.34867874,0
0.22347921,0
0.7747886,1
0.013913562,0
0.0006241142,0
0.12534647,0
0.021465657,0
0.0057300236,0
0.0050788536,0
0.18619905,0
0.2992037,1
0.002494329,0
0.01818808,0
0.08330609,0
0.0017189762,0
0.121111766,0
0.7740647,0
0.9984701,1
0.56573385,1
0.8322632,1
0.37858918,1
0.022320854,0
0.024894735,0
0.22206254,1
0.56176984,0
0.7052834,1
0.96756965,1
0.10383869,0
0.9978097,1
0.9984951,1
0.84175164,1
0.7562803,1
0.021582387,0
0.99132174,1
0.3376834,0
0.7129387,1
0.054263245,0
0.011398193,0
0.37486523,1
0.99899966,1
0.0039830757,0
0.00037634216,0
0.021037234,0
0.05791463,0
0.00063717365,0
0.0025588095,0
0.37237826,1
0.5371841,0
0.71593994,0
0.018624099,0
0.99382424,1
0.36794168,0
0.8293352,0
0.025274662,0
0.8523681,1
0.1105414,0
0.53838956,0
0.6797148,1
0.17422867,0
0.11389095,0
0.0019038473,0
0.69666296,1
0.0075852377,0
0.009103197,0
0.33724892,0
0.0971409,0
0.033101305,0
0.09181551,0
0.014232987,0
0.22515266,0
0.002221915,0
0.12531267,0
0.0085704,0
0.20303918,0
0.44887647,1
0.00033292564,0
0.64509624,0
0.0019126447,0
0.5695718,1
0.8440205,1
0.8559984,1
0.0010360191,0
0.00044779517,0
0.004581558,0
0.0016179559,0
0.0016481635,0
0.961308,1
0.051037915,0
0.009146565,0
0.007987832,0
0.13655122,0
0.026463354,0
0.018075878,0
0.023222636,0
0.23789358,0
0.063093744,0
0.3123568,0
0.0022411188,0
0.037878133,0
0.006625349,0
0.03229737,0
0.5168262,1
0.0017691287,0
0.12400151,0
0.62851644,0
0.00033493797,0
0.01933586,0
0.8396136,1
0.6629707,1
0.0014813275,0
0.0081454,0
0.10250014,0
0.052532427,0
0.8967672,1
0.33743465,0
0.005683891,0
0.0004894758,0
0.6293231,1
0.01846974,0
0.4026734,1
0.004530569,0
0.11903426,0
0.59529495,1
0.73267156,1
0.99079037,1
0.7810717,1
0.99747723,1
0.2416141,0
0.013775236,0
0.10923439,0
0.015683616,0
0.52364403,0
0.00459365,0
0.16790418,0
0.33737993,0
0.0065604723,0
0.34575304,1
0.037532106,0
0.7484385,1
0.25521794,0
0.018412456,0
0.69469565,1
0.0011339422,0
0.011352237,0
0.006115699,0
0.0009776917,0
0.025291396,0
0.0012407245,0
0.06274655,0
0.9475348,1
0.0025072156,0
0.30641082,0
0.001524846,0
0.010356753,0
0.8465117,1
0.7079654,1
0.025129726,0
0.00027712825,0
0.99838877,1
0.0058798394,0
0.0076386887,0
0.004257778,0
0.011511589,0
0.00013799936,0
0.057662293,0
0.006341322,0
0.0065432624,0
0.23983617,0
0.015818287,0
0.35078594,1
0.0008675535,0
0.05265366,0
0.028463554,1
0.4630967,1
0.65655494,0
0.30736542,1
0.013126997,0
0.6347744,1
0.68895733,1
0.00039853077,0
0.0213232,0
0.0006238142,0
0.012086196,0
0.0001260152,0
0.0023563034,0
0.00927997,0
0.021716466,0
0.21124606,0
0.002215772,0
0.9896771,1
0.015529915,0
0.09919814,0
0.9984309,1
0.32161972,1
0.55133116,1
0.00050449267,0
0.4288283,0
0.6234626,1
0.012812737,0
0.091913015,0
0.6695888,1
0.3457063,0
0.0031901563,0
0.66997015,0
0.06619495,0
0.0017252234,0
0.17154223,0
0.000501179,0
0.033462025,0
0.055737037,0
0.12736425,1
0.0009608947,0
0.012895855,0
0.39763612,1
0.0010095475,0
0.99905354,1
0.0363907,0
0.6533495,1
0.0024774547,0
0.008714716,0
0.004893712,0
0.022421725,0
0.73755085,0
0.012120421,0
0.96568185,1
0.54341453,0
0.4292851,0
0.05380354,0
0.84808236,1
0.15664878,0
0.00037996244,0
0.63010454,0
0.16113538,0
0.011446163,0
0.2076218,0
0.025829785,0
0.0023431212,0
0.14129823,0
0.04123666,0
0.0023151338,0
0.4535688,1
0.08399878,0
0.1374483,0
0.003656294,0
0.05253057,0
0.01859321,0
0.0009402945,0
0.011144802,0
0.009641576,0
0.0018993537,0
0.00026120502,0
0.017377814,0
0.6671502,1
0.09501443,0
0.6783228,1
0.8798115,0
0.028040199,0
0.001160088,0
0.24184579,0
0.64509624,1
0.9838808,1
0.9520442,1
0.023822129,0
0.00052487396,0
0.0022925066,0
0.0021817705,0
0.27034155,0
0.038019463,0
0.733336,0
0.00044111878,0
0.6985519,1
0.005473517,0
0.0079816375,0
0.0072395774,0
0.0076510534,0
0.67356485,1
0.73014927,0
0.8114275,1
0.049426142,0
0.5062564,0
0.83536047,1
0.02027935,0
0.23236927,0
0.99906224,1
0.0022605364,0
0.07454821,0
0.9974602,1
0.4517369,0
0.50824666,1
0.05004117,0
0.26766264,0
0.00038732437,0
0.020529907,0
0.016681638,0
0.09897126,0
0.0007016831,0
0.06988979,0
0.99393207,1
0.78297037,0
0.0012899209,0
0.02131639,0
0.011181563,0
0.30947992,0
0.7657391,1
0.43220437,0
0.009917162,0
0.07802117,0
0.0008514479,0
0.006264824,0
0.19669162,0
0.076142184,0
0.00058013404,0
0.99834466,1
0.030684184,0
0.45653224,0
0.051734507,0
0.035745077,0
0.029723285,0
0.2387311,0
0.12725298,0
0.2039838,1
0.0020945927,0
0.67888635,0
0.11940127,0
0.0024011894,0
0.034075752,0
0.69831014,1
0.54527014,1
0.04190942,0
0.078657344,0
0.6719994,0
0.36651868,0
0.50323904,1
0.68506575,1
0.030639708,0
0.999571,1
0.1587355,0
0.007747531,0
0.011928457,0
0.99655044,1
0.00035430273,0
0.31990954,1
0.30444476,1
0.033174846,0
0.0020893705,0
0.49287632,1
0.026101625,0
0.6911175,1
0.6845936,0
0.035166983,0
0.17863004,0
0.7684435,1
0.3210371,0
0.112011544,0
0.20325619,0
0.02969633,0
0.0015672082,0
0.013783976,0
0.028673492,0
0.9992737,1
0.08444238,0
0.41480464,1
0.004154105,0
0.32979557,0
0.00077684544,0
0.0007008253,0
0.5656828,1
0.21634085,0
0.57205766,0
0.37738034,1
0.018517302,0
0.035041865,0
0.02601773,0
0.4359813,0
0.3952197,0
0.27304828,0
0.92274475,1
0.6188262,1
0.0003307494,0
0.1266796,0
0.030182933,0
0.009612321,0
0.050463125,0
0.44393307,1
0.026385667,0
0.5533759,0
0.00080532744,0
0.0069190534,0
0.65759015,0
0.9953595,1
0.43949664,0
0.09503598,0
0.86873335,1
0.0031017694,0
0.011063501,0
0.011194123,0
0.48156214,0
0.566721,1
0.0024213525,0
0.009615476,1
0.022949534,0
0.00042562684,0
0.0072909375,0
0.00786846,0
0.9894071,1
0.044023354,0
0.31419277,0
0.3418274,1
0.0028546536,0
0.31925,0
0.10335024,0
0.009795103,0
0.73699284,1
0.0015835682,0
0.9948539,1
0.4303287,0
0.40388057,0
0.434402,0
0.097009584,0
0.004020127,0
0.003933759,0
0.0019198084,0
0.3422269,0
0.09564431,0
0.0006718116,0
0.5020883,1
0.001236581,0
0.056658786,0
0.030741699,0
0.16646223,0
0.9881976,1
0.000671988,0
0.020286003,0
0.00021886283,0
0.060602125,0
0.040506613,0
0.03266226,0
0.66171944,1
0.9991528,1
0.0970261,0
0.0008807426,0
0.0001463707,0
0.026699528,0
0.43128273,0
0.0077393497,0
0.035104286,0
0.1031028,1
0.029761132,0
0.56104743,0
0.5478528,1
0.0002598436,0
0.98050493,1
0.01436985,0
0.9970816,1
0.46912226,0
0.6978057,1
0.09832839,1
0.15714411,0
0.9982961,1
0.3805499,1
0.00076897524,0
0.025733292,0
0.91015565,1
0.0028075927,0
0.99773836,1
0.5739246,0
0.008771949,0
0.00015160424,0
0.25912443,0
0.013364036,0
0.054444455,0
0.0005607773,0
0.005408403,0
0.15314834,0
0.0009139333,0
0.66435254,1
0.013089805,0
0.0037150048,0
0.99622846,1
0.100990996,0
0.65593284,1
0.0154138375,0
0.01271183,0
0.30664584,0
0.00019178154,0
0.009715594,0
0.995992,1
0.67573315,0
0.0029317692,0
0.8234666,1
0.013913051,0
0.648757,1
0.23507644,0
0.6615661,1
0.26632932,0
0.76919574,1
0.0061331987,0
0.36110556,0
0.0026772371,0
0.6892223,0
0.48420793,1
0.015323476,0
0.8049031,1
0.14366591,0
0.23466407,0
0.052385494,0
0.00033116053,0
0.004582539,0
0.11232819,0
0.34673968,0
0.011697474,0
0.11343273,0
0.14405985,0
0.2649293,0
0.0073189875,0
0.46050972,0
0.030102558,0
0.010931226,0
0.27182272,0
0.0008607161,0
0.40392548,1
0.023734404,1
0.07541101,0
0.025751239,0
0.0026792432,0
0.008388513,0
0.007346633,0
0.20684649,0
0.061759006,1
0.2040656,1
0.0019626804,0
0.50286055,0
0.0801557,1
0.001509213,0
0.7046628,1
0.055419847,0
0.01450827,0
0.11471454,0
0.22050276,0
0.004618229,0
0.9987349,1
0.338244,0
0.29103917,0
0.7611105,1
0.37121955,0
0.0008879542,0
0.18825473,0
0.24839056,0
0.34041038,1
0.059332088,0
0.0007620931,0
0.81509167,1
0.43347964,0
0.98283756,1
0.009240257,0
0.45358405,1
0.75501263,1
0.014971087,0
0.16972102,0
0.0038710805,0
0.9985488,1
0.014163635,0
0.039276462,0
0.9949352,1
0.2569974,0
0.03031937,0
0.014462579,0
0.995178,1
0.050463844,0
0.71242213,1
0.28331405,0
0.99706656,1
0.16910106,0
0.008405765,0
0.0039291186,0
0.05001431,0
0.53698933,1
0.061539683,0
0.0002751141,0
0.9038515,1
0.00666002,0
0.97420436,1
0.017786788,0
0.0017458501,0
0.046770506,0
0.007434524,0
0.23155345,0
0.035387017,0
0.21210602,0
0.00019404953,0
0.26341647,1
0.61571455,0
0.003754263,0
0.10668241,0
0.37247902,0
0.0015656786,0
0.007146287,0
0.6461414,1
0.6632204,0
0.3296894,0
0.080208965,0
0.0011033808,0
0.00047110682,0
0.7046628,1
0.7597807,0
0.012960641,0
0.05158745,1
0.0040894365,0
0.0372168,0
0.0026686583,0
0.18543491,0
0.27456242,1
0.037391126,0
0.47129172,0
0.0039136857,0
0.142405,0
0.27323905,1
0.5333163,1
0.19393146,0
0.0021106217,0
0.4509853,0
0.046732128,0
0.7950225,0
0.01052992,0
0.00834927,0
0.87462455,1
0.028230784,0
0.0059589725,0
0.0002359191,0
0.00039947714,0
0.008140906,0
0.73166937,1
0.0005583157,0
0.031696286,0
0.059721526,1
0.12365437,0
0.004736268,0
0.021932615,0
0.38247785,0
0.0030229753,0
0.052918635,0
0.010162528,0
0.18533967,0
0.0022338033,0
0.8985589,1
0.017400017,0
0.77169776,0
0.45896786,0
0.9954131,1
0.7266985,1
0.00018474474,0
0.05554417,0
0.101626396,0
0.012310923,0
0.008254136,0
0.009352135,0
0.028403353,0
0.000116451796,0
0.3377301,0
0.31871396,0
0.4122649,1
0.00040809275,0
0.31804392,0
0.0778824,0
0.28008547,0
0.05942205,0
0.7093311,1
0.28125867,0
0.0055054897,0
0.013592446,0
0.16206636,0
0.0018263358,0
0.9992822,1
0.0069767563,0
0.0029318277,0
0.026976883,0
0.022111211,0
0.16589636,0
0.0007786379,0
0.27755368,0
0.0030772518,0
0.1716243,0
0.0012167038,0
0.16566347,0
0.04674229,0
0.005918322,0
0.021416945,0
0.0018091567,0
0.79969585,1
0.079359725,0
0.0483304,0
0.020886842,0
0.00013937322,0
0.0014317626,0
0.49832046,1
0.00897711,0
0.00022492962,0
0.010941507,0
0.99921846,1
0.20274356,0
0.02571679,0
0.57889605,1
0.0023168935,0
0.9884731,1
0.65617275,1
0.9956572,1
0.35191408,1
0.11297803,0
0.25673044,0
0.99873334,1
0.07329311,0
0.41018346,0
0.0002448105,0
0.0023990748,0
0.013620355,0
0.24259862,0
0.8035913,1
0.7069145,1
0.001238228,0
0.0106784785,0
0.9935349,1
0.00032410104,0
0.07499017,0
0.020800512,0
0.20408626,0
0.48854393,1
0.0023657964,0
0.009586729,0
0.006895673,0
0.0018432663,0
0.031299748,0
0.000380288,0
0.013917265,0
0.00021484164,0
0.03981263,0
0.24036005,0
0.33195102,0
0.11619905,0
0.042093758,0
0.7858357,0
0.5828847,1
0.0512351,0
0.21841691,0
0.37944722,1
0.0004734471,0
0.0005600415,0
0.011755846,0
0.42242947,0
0.01352266,0
0.6626884,0
0.003579389,0
0.030974785,0
0.048667498,0
0.26693702,1
0.007921635,0
0.64051336,0
0.9729001,1
0.0049024294,0
0.08336829,1
0.003940798,0
0.9979107,1
0.123572715,0
0.10494777,0
0.78164995,1
0.005371842,0
0.23478167,0
0.16296266,1
0.2174181,1
0.13289472,0
0.0022973195,0
0.014534712,0
0.1837406,0
0.0160526,0
0.024838569,0
0.53717554,1
0.66137403,1
0.00014059845,0
0.0012410134,0
0.017189965,0
0.0030531876,0
0.9873376,1
0.14505407,0
0.03635984,0
0.01560401,0
0.080973655,1
0.046593834,0
0.002951761,0
0.6279633,1
0.0003223237,0
0.01666475,0
0.0019311347,0
0.6233149,0
0.27688196,0
0.99118364,1
0.051471543,0
0.019261807,0
0.036856685,0
0.0034896699,0
0.99655235,1
0.002934759,0
0.016634,0
0.0043419967,0
0.005303912,0
0.1559259,0
0.99816716,1
0.21901913,0
0.01687147,0
0.64109373,0
0.058913417,0
0.0006175802,0
0.0013308186,0
0.0019721293,0
0.07336054,0
0.027128426,0
0.19886337,0
0.36920685,0
0.6666922,0
0.0069374945,0
0.24118008,0
0.035504427,0
0.9558943,1
0.025292296,0
0.00069854286,0
0.0076301047,0
0.101703115,0
0.0110185575,0
0.0040378417,0
0.018977482,0
0.6959231,1
0.037299044,0
0.26695636,0
0.1242859,0
0.27870366,0
0.10143375,0
0.4735952,1
0.09184343,0
0.086313516,0
0.9844981,1
0.01730063,0
0.1306985,0
0.008618656,0
0.03204423,0
0.030920792,0
0.5293073,1
0.00860446,0
0.026222162,0
0.0040786685,0
0.67173547,1
0.5016503,0
0.6436706,1
0.11621598,0
0.007610622,0
0.021216184,0
0.055186294,0
0.98945194,1
0.32436523,0
0.0037387754,0
0.45073184,0
0.0005294805,0
0.3296523,1
0.029545877,0
0.07577759,0
0.015844863,0
0.008667448,0
0.0007438446,0
0.24093345,0
0.6537455,0
0.00036155732,0
0.4190943,0
0.020669252,0
0.034451492,0
0.0010504053,0
0.9994838,1
0.38341522,0
0.14669938,1
0.03674432,0
0.01999927,0
0.73311013,0
0.8430126,1
0.28157544,0
0.08096521,1
0.006849111,0
0.00026613966,0
0.072992705,0
0.566231,1
0.99738544,1
0.13271013,0
0.019517027,0
0.3977881,0
0.003216336,0
0.019642346,0
0.7729202,0
0.0053778784,0
0.37966803,0
0.13341172,0
0.019007372,0
0.38890493,1
0.003387429,0
0.20617862,0
0.00015287807,0
0.01729883,1
0.9419849,1
0.0076873056,0
0.0070661097,0
0.035428226,0
0.007741265,0
0.80401224,1
0.018843736,0
0.007168718,0
0.0003569737,0
0.07769819,0
0.84290606,1
0.11556607,0
0.10080532,0
0.008142566,0
0.7896754,1
0.054540295,0
0.063222125,0
0.08092564,0
0.00026592205,0
0.043982126,0
0.010322554,0
0.003703099,0
0.008456259,0
0.44529605,0
0.026982322,0
0.9646143,1
0.018031193,0
0.013058303,0
0.85301125,0
0.9984596,1
0.013947031,0
0.02010117,0
0.00811753,0
0.6708861,1
0.01519029,0
0.0011110181,0
0.07261675,0
0.00034389895,0
0.067622066,0
0.0006101115,0
0.3534373,1
0.81570506,0
0.010429686,0
0.02889591,1
0.0061139055,0
0.4625415,0
0.050841093,0
0.6575083,1
0.71017075,1
0.00022020937,0
0.9583185,1
0.00028337282,0
0.27846465,0
0.00019137365,0
0.005530298,0
0.23418364,0
0.9979965,1
0.0005691967,0
0.24047613,0
0.032439318,0
0.28702617,0
0.00027791012,0
0.029922286,0
0.025434932,0
0.0060942457,0
0.7518836,1
0.7895687,1
0.0015295402,0
0.0050734426,0
0.73592746,1
0.025769206,0
0.80992675,0
0.9949432,1
0.18157972,0
0.074976906,0
0.040770218,0
0.38421267,1
0.0002644763,0
0.020591227,0
0.032383703,0
0.4162601,1
0.015985496,0
0.040276088,0
0.39178833,0
0.7365958,1
0.006024247,0
0.7206827,1
0.06520995,0
0.04529011,0
0.0038429692,0
0.14359838,0
0.009145553,0
0.058669794,0
0.095839985,0
0.19123693,1
0.77653,1
0.10936409,0
0.035512984,0
0.032689564,0
0.02471181,0
0.00016435118,0
0.01959429,0
0.009476721,0
0.015460265,0
0.012847573,0
0.0061983983,0
0.93782675,1
0.9945809,1
0.15049665,1
0.50193435,0
0.99407625,1
0.04250947,0
0.18186598,0
0.014980653,0
0.11044431,0
0.0039476487,0
0.068939924,0
0.9855434,1
0.006959668,0
0.1815488,0
0.12877426,0
0.3696233,0
0.057805676,0
0.40516752,1
0.001611724,0
0.024794944,0
0.09063528,0
0.00060941937,0
0.0019557453,0
0.042233236,0
0.03550581,0
0.8766436,1
0.10785976,0
0.23578988,0
0.029638162,0
0.0029389327,0
0.0005603734,0
0.52298725,1
0.096825756,1
0.002596564,0
0.016578479,0
0.19588454,1
0.07382782,1
0.05575871,0
0.001778947,0
0.020289276,0
0.063651405,0
0.013937408,0
0.60433525,0
0.39395016,1
0.98744595,1
0.0028340116,0
0.2641973,0
0.29478455,0
0.00024676448,0
0.0026641225,0
0.8501532,1
0.09186477,1
0.18380365,0
0.98716575,1
0.0097770225,0
0.45838428,1
0.03987613,0
0.97891474,1
0.27959934,1
0.0042909984,0
0.76906437,1
0.045198213,0
0.9447335,1
0.9994979,1
0.15483612,0
0.7805863,1
0.11271264,0
0.023513071,1
0.17268595,0
0.062493533,0
0.8559606,0
0.3278139,0
0.18396156,0
0.8439541,1
0.012016597,0
0.99952745,1
0.37253752,1
0.36355048,0
0.3493364,1
0.16877887,0
0.2676415,0
0.0518257,0
0.14161886,1
0.12251079,0
0.0033519429,0
0.76177007,1
0.03513728,0
0.0803318,0
0.0006329405,0
0.14876351,0
0.035812378,0
0.03173921,0
0.0062724757,0
0.0022914011,0
0.0023258443,0
0.034222547,0
0.6219499,0
0.3520448,0
0.008104268,0
0.0027630448,0
0.0003247419,0
0.1259836,0
0.0078291455,0
0.13720673,0
0.0041536908,0
0.0018750947,0
0.6927253,1
0.13699472,0
0.9988456,1
0.07351746,0
0.9915025,1
0.050445307,0
0.0011084133,0
0.37724715,0
0.21124691,0
0.07531876,0
0.0021596465,0
0.018616056,0
0.11415274,0
0.08585176,0
0.6505543,1
0.09648555,0
0.038967893,0
0.047271118,0
0.012369685,0
0.33664447,1
0.011330797,0
0.3593704,0
0.12980771,0
0.02179292,0
0.009784763,0
0.008261781,0
0.029631251,0
0.017985418,0
0.16348398,0
0.014915006,0
0.73335516,1
0.02640555,0
0.27328235,0
0.023041084,0
0.103994474,0
0.17783463,1
0.04098644,0
0.30348948,0
0.72277653,1
0.653174,1
0.010829058,0
0.0015500763,0
0.05143061,0
0.021747902,0
0.470849,1
0.02731772,0
0.008011527,0
0.22019804,0
0.19088843,0
0.8597705,1
0.111669116,0
0.07487557,0
0.99548763,1
0.0043005208,0
0.005009376,0
0.00060498377,0
0.064865485,0
0.035598207,0
0.07894216,0
0.09516408,0
0.6347962,0
0.0050230087,0
0.9959906,1
0.8260725,1
0.2204547,0
0.52297246,1
0.032830626,0
0.07150754,0
0.115387924,0
0.98928636,1
0.044065427,0
0.8572646,1
0.00010032646,0
0.012411915,0
0.00785583,0
0.3322556,0
0.3867473,0
0.11654533,0
0.1326624,0
0.53415316,1
0.19259824,1
0.9915748,1
0.00036254755,0
0.3964366,0
0.006469703,0
0.038691033,0
0.022180479,0
0.99816376,1
0.002221267,0
0.005213897,0
0.3886715,0
0.72748286,1
0.002949034,0
0.8664405,1
0.07031038,0
0.0038206305,0
0.011465337,0
0.13499333,1
0.0075909793,0
0.2683079,0
0.057640232,0
0.6910251,1
0.24525945,0
0.042425,0
0.47251278,0
0.16349277,0
0.17297465,0
0.024542525,0
0.10100732,0
0.060077287,0
0.30887353,0
0.0072814147,0
0.45363545,0
0.0009638884,0
0.010072298,0
0.0075917454,0
0.41989717,1
0.7235154,1
0.11877111,0
0.81962174,1
0.99267983,1
0.32913435,1
0.004789645,0
0.0008884777,0
0.007217967,1
0.018355073,0
0.43698126,0
0.00016516147,0
0.6813126,1
0.0002649601,0
0.0015131573,0
0.0027288704,0
0.009460236,0
0.41578868,1
0.0021963052,0
0.015616885,0
0.016686134,0
0.00058340444,0
0.00014737961,0
0.01531286,0
0.00043288103,0
0.0009509601,0
0.00013324266,0
0.002353524,0
0.033339288,0
0.6166512,1
0.076775774,1
0.0012123812,0
0.06549306,1
0.8318722,1
0.05256725,0
0.98110354,1
0.99929714,1
0.009917574,0
0.47621933,1
0.15498511,0
0.51651496,1
0.54027224,0
0.010404636,0
0.024332155,0
0.65165037,0
0.35244256,0
0.14439057,0
0.007967661,0
0.0060956497,0
0.0036694955,0
0.014614867,0
0.43154243,0
0.0018433296,0
0.372392,0
0.09777581,1
0.0003914995,0
0.11871566,1
0.053179648,0
0.08828616,0
0.002237441,0
0.28538752,0
0.6629707,1
0.00060340937,0
0.12742741,0
0.0007409207,0
0.0027256631,0
0.07618278,0
0.07259577,1
0.00019212214,0
0.00077038055,0
0.98536265,1
0.22847804,0
0.25174227,1
0.63174343,0
0.7893631,1
0.00058588077,0
0.23815241,1
0.04022975,0
0.0033052282,0
0.008385329,0
0.23791789,0
0.9838657,1
0.0010139496,0
0.57844585,0
0.76963574,1
0.5319779,1
0.082897924,0
0.00039335692,0
0.31865892,0
0.98639816,1
0.0021866413,0
0.004918857,0
0.37431172,1
0.73101026,1
0.008009955,0
0.0013997055,0
0.34532377,0
0.0068007614,0
0.9981964,1
0.76535034,1
0.019199716,0
0.98392266,1
0.092244856,0
0.7359935,1
0.044156354,0
0.46766582,1
0.050535012,0
0.32524627,0
0.026020039,0
0.025751239,0
0.1747744,0
0.26133183,1
0.022344334,0
0.41519606,0
0.18464144,0
0.15348583,0
0.024498234,0
0.05888078,0
0.82302964,1
0.109927095,1
0.26699588,0
0.013291299,0
0.22834335,0
0.9475589,1
0.7153616,1
0.34952918,0
0.6472068,1
0.49825078,0
0.32759118,1
0.0148853725,0
0.037407488,0
0.5186462,0
0.45939827,0
0.02134333,0
0.0011888938,0
0.035550773,0
0.24921423,0
0.002919659,0
0.20497051,0
0.036317725,0
0.25725007,0
0.1793761,0
0.0012943643,0
0.002840529,0
0.012633947,0
0.04821793,0
0.028790325,0
0.2667085,0
0.824461,1
0.47104645,1
0.008556199,0
0.3361462,0
0.0646794,0
0.009021008,0
0.039792992,0
0.01814356,0
0.8770465,1
0.33187544,0
0.42416722,1
0.10127785,0
0.00047666035,0
0.026124725,0
0.054312255,0
0.9929032,1
0.00034415562,0
0.007616495,0
